<?xml version="1.0" encoding="UTF-8"?> 
<java version="1.5.0_03" class="java.beans.XMLDecoder"> 
 <object class="com.boco.transnms.common.dto.DeviceVendor"> 
  <void property="abbreviation"><string></string></void> 
  <void property="contactAddress"><string></string></void> 
  <void property="emailAddress"><string></string></void> 
  <void property="homePage"><string></string></void> 
  <void property="labelCn"><string>华为</string></void> 
  <void property="objectTypeCode"><long>3000</long></void> 
  <void property="telephone"><string></string></void> 
  <void property="cuid"><string>DEVICE_VENDOR-1</string></void> 
 </object> 
 <object class="com.boco.transnms.common.dto.DeviceVendor"> 
  <void property="abbreviation"><string></string></void> 
  <void property="contactAddress"><string></string></void> 
  <void property="emailAddress"><string></string></void> 
  <void property="homePage"><string></string></void> 
  <void property="labelCn"><string>中兴</string></void> 
  <void property="objectTypeCode"><long>3000</long></void> 
  <void property="telephone"><string></string></void> 
  <void property="cuid"><string>DEVICE_VENDOR-2</string></void> 
 </object>  
 <object class="com.boco.transnms.common.dto.DeviceVendor"> 
  <void property="abbreviation"><string></string></void> 
  <void property="contactAddress"><string></string></void> 
  <void property="emailAddress"><string></string></void> 
  <void property="homePage"><string></string></void> 
  <void property="labelCn"><string>Boco</string></void> 
  <void property="objectTypeCode"><long>3000</long></void> 
  <void property="telephone"><string></string></void> 
  <void property="cuid"><string>DEVICE_VENDOR-3</string></void> 
 </object>   
 <object class="com.boco.transnms.common.dto.DeviceVendor"> 
  <void property="abbreviation"><string></string></void> 
  <void property="contactAddress"><string></string></void> 
  <void property="emailAddress"><string></string></void> 
  <void property="homePage"><string></string></void> 
  <void property="labelCn"><string>烽火</string></void> 
  <void property="objectTypeCode"><long>3000</long></void> 
  <void property="telephone"><string></string></void> 
  <void property="cuid"><string>DEVICE_VENDOR-4</string></void> 
 </object>
 <object class="com.boco.transnms.common.dto.DeviceVendor"> 
  <void property="abbreviation"><string></string></void> 
  <void property="contactAddress"><string></string></void> 
  <void property="emailAddress"><string></string></void> 
  <void property="homePage"><string></string></void> 
  <void property="labelCn"><string>朗讯</string></void> 
  <void property="objectTypeCode"><long>3000</long></void> 
  <void property="telephone"><string></string></void> 
  <void property="cuid"><string>DEVICE_VENDOR-5</string></void> 
 </object>
 <object class="com.boco.transnms.common.dto.DeviceVendor"> 
  <void property="abbreviation"><string></string></void> 
  <void property="contactAddress"><string></string></void> 
  <void property="emailAddress"><string></string></void> 
  <void property="homePage"><string></string></void> 
  <void property="labelCn"><string>阿尔卡特</string></void> 
  <void property="objectTypeCode"><long>3000</long></void> 
  <void property="telephone"><string></string></void> 
  <void property="cuid"><string>DEVICE_VENDOR-6</string></void> 
 </object>
 <object class="com.boco.transnms.common.dto.DeviceVendor"> 
  <void property="abbreviation"><string></string></void> 
  <void property="contactAddress"><string></string></void> 
  <void property="emailAddress"><string></string></void> 
  <void property="homePage"><string></string></void> 
  <void property="labelCn"><string>NEC</string></void> 
  <void property="objectTypeCode"><long>3000</long></void> 
  <void property="telephone"><string></string></void> 
  <void property="cuid"><string>DEVICE_VENDOR-7</string></void> 
 </object>
 <object class="com.boco.transnms.common.dto.DeviceVendor"> 
  <void property="abbreviation"><string></string></void> 
  <void property="contactAddress"><string></string></void> 
  <void property="emailAddress"><string></string></void> 
  <void property="homePage"><string></string></void> 
  <void property="labelCn"><string>ECI</string></void> 
  <void property="objectTypeCode"><long>3000</long></void> 
  <void property="telephone"><string></string></void> 
  <void property="cuid"><string>DEVICE_VENDOR-8</string></void> 
 </object>
 <object class="com.boco.transnms.common.dto.DeviceVendor"> 
  <void property="abbreviation"><string></string></void> 
  <void property="contactAddress"><string></string></void> 
  <void property="emailAddress"><string></string></void> 
  <void property="homePage"><string></string></void> 
  <void property="labelCn"><string>UT斯达康</string></void> 
  <void property="objectTypeCode"><long>3000</long></void> 
  <void property="telephone"><string></string></void> 
  <void property="cuid"><string>DEVICE_VENDOR-9</string></void> 
 </object>
 <object class="com.boco.transnms.common.dto.DeviceVendor"> 
  <void property="abbreviation"><string></string></void> 
  <void property="contactAddress"><string></string></void> 
  <void property="emailAddress"><string></string></void> 
  <void property="homePage"><string></string></void> 
  <void property="labelCn"><string>爱立信</string></void> 
  <void property="objectTypeCode"><long>3000</long></void> 
  <void property="telephone"><string></string></void> 
  <void property="cuid"><string>DEVICE_VENDOR-10</string></void> 
 </object>
 <object class="com.boco.transnms.common.dto.DeviceVendor"> 
  <void property="abbreviation"><string></string></void> 
  <void property="contactAddress"><string></string></void> 
  <void property="emailAddress"><string></string></void> 
  <void property="homePage"><string></string></void> 
  <void property="labelCn"><string>诺基亚</string></void> 
  <void property="objectTypeCode"><long>3000</long></void> 
  <void property="telephone"><string></string></void> 
  <void property="cuid"><string>DEVICE_VENDOR-11</string></void> 
 </object>
 <object class="com.boco.transnms.common.dto.DeviceVendor"> 
  <void property="abbreviation"><string></string></void> 
  <void property="contactAddress"><string></string></void> 
  <void property="emailAddress"><string></string></void> 
  <void property="homePage"><string></string></void> 
  <void property="labelCn"><string>北电</string></void> 
  <void property="objectTypeCode"><long>3000</long></void> 
  <void property="telephone"><string></string></void> 
  <void property="cuid"><string>DEVICE_VENDOR-12</string></void> 
 </object>
 <object class="com.boco.transnms.common.dto.DeviceVendor"> 
  <void property="abbreviation"><string></string></void> 
  <void property="contactAddress"><string></string></void> 
  <void property="emailAddress"><string></string></void> 
  <void property="homePage"><string></string></void> 
  <void property="labelCn"><string>西门子</string></void> 
  <void property="objectTypeCode"><long>3000</long></void> 
  <void property="telephone"><string></string></void> 
  <void property="cuid"><string>DEVICE_VENDOR-13</string></void> 
 </object>
 <object class="com.boco.transnms.common.dto.DeviceVendor"> 
  <void property="abbreviation"><string></string></void> 
  <void property="contactAddress"><string></string></void> 
  <void property="emailAddress"><string></string></void> 
  <void property="homePage"><string></string></void> 
  <void property="labelCn"><string>富士通</string></void> 
  <void property="objectTypeCode"><long>3000</long></void> 
  <void property="telephone"><string></string></void> 
  <void property="cuid"><string>DEVICE_VENDOR-14</string></void> 
 </object>
 <object class="com.boco.transnms.common.dto.DeviceVendor"> 
  <void property="abbreviation"><string></string></void> 
  <void property="contactAddress"><string></string></void> 
  <void property="emailAddress"><string></string></void> 
  <void property="homePage"><string></string></void> 
  <void property="labelCn"><string>华环</string></void> 
  <void property="objectTypeCode"><long>3000</long></void> 
  <void property="telephone"><string></string></void> 
  <void property="cuid"><string>DEVICE_VENDOR-15</string></void> 
 </object>
 <object class="com.boco.transnms.common.dto.DeviceVendor"> 
  <void property="abbreviation"><string></string></void> 
  <void property="contactAddress"><string></string></void> 
  <void property="emailAddress"><string></string></void> 
  <void property="homePage"><string></string></void> 
  <void property="labelCn"><string>思科</string></void> 
  <void property="objectTypeCode"><long>3000</long></void> 
  <void property="telephone"><string></string></void> 
  <void property="cuid"><string>DEVICE_VENDOR-16</string></void> 
 </object>
 <object class="com.boco.transnms.common.dto.DeviceVendor"> 
  <void property="abbreviation"><string></string></void> 
  <void property="contactAddress"><string></string></void> 
  <void property="emailAddress"><string></string></void> 
  <void property="homePage"><string></string></void> 
  <void property="labelCn"><string>东方通信</string></void> 
  <void property="objectTypeCode"><long>3000</long></void> 
  <void property="telephone"><string></string></void> 
  <void property="cuid"><string>DEVICE_VENDOR-17</string></void> 
 </object>
 <object class="com.boco.transnms.common.dto.DeviceVendor"> 
  <void property="abbreviation"><string></string></void> 
  <void property="contactAddress"><string></string></void> 
  <void property="emailAddress"><string></string></void> 
  <void property="homePage"><string></string></void> 
  <void property="labelCn"><string>正有</string></void> 
  <void property="objectTypeCode"><long>3000</long></void> 
  <void property="telephone"><string></string></void> 
  <void property="cuid"><string>DEVICE_VENDOR-18</string></void> 
 </object>

</java> 
