<?xml version="1.0" encoding="UTF-8"?>
<java version="1.5.0_03" class="java.beans.XMLDecoder">
 <object class="com.boco.transnms.common.dto.District">
  <void property="cuid"><string>DISTRICT-00001</string></void>
  <void property="dataType"><long>1</long></void>
  <void property="labelCn"><string>全国</string></void>
  <void property="relatedSpaceCuid"><string>0</string></void>
  <void property="serviceLevel"><long>0</long></void>
  <void property="spellabbreviation"><string>qg</string></void>
  <void property="districtChildNum"><long>34</long></void>
 </object>
 <object class="com.boco.transnms.common.dto.District">
  <void property="cuid"><string>DISTRICT-00001-00034</string></void>
  <void property="dataType"><long>2</long></void>
  <void property="labelCn"><string>河北</string></void>
  <void property="relatedSpaceCuid"><string>DISTRICT-00001</string></void>
  <void property="serviceLevel"><long>1</long></void>
  <void property="spellabbreviation"><string>hb</string></void>
  <void property="districtChildNum"><long>1</long></void>
 </object>
 <object class="com.boco.transnms.common.dto.District">
  <void property="cuid"><string>DISTRICT-00001-00034-00001</string></void>
  <void property="dataType"><long>3</long></void>
  <void property="labelCn"><string>石家庄</string></void>
  <void property="relatedSpaceCuid"><string>DISTRICT-00001-00034</string></void>
  <void property="serviceLevel"><long>2</long></void>
  <void property="isMetropolis"><boolean>true</boolean></void>
  <void property="spellabbreviation"><string>sjz</string></void>
 </object>
 <object class="com.boco.transnms.common.dto.District">
  <void property="cuid"><string>DISTRICT-00001-00009</string></void>
  <void property="dataType"><long>2</long></void>
  <void property="labelCn"><string>广东</string></void>
  <void property="relatedSpaceCuid"><string>DISTRICT-00001</string></void>
  <void property="serviceLevel"><long>1</long></void>
  <void property="spellabbreviation"><string>gd</string></void>
  <void property="districtChildNum"><long>1</long></void>
 </object>
 <object class="com.boco.transnms.common.dto.District">
  <void property="cuid"><string>DISTRICT-00001-00009-00001</string></void>
  <void property="dataType"><long>3</long></void>
  <void property="labelCn"><string>广州</string></void>
  <void property="isMetropolis"><boolean>true</boolean></void>
  <void property="relatedSpaceCuid"><string>DISTRICT-00001-00009</string></void>
  <void property="serviceLevel"><long>1</long></void>
  <void property="spellabbreviation"><string>gz</string></void>
 </object>
 <object class="com.boco.transnms.common.dto.District">
  <void property="cuid"><string>DISTRICT-00001-00007</string></void>
  <void property="dataType"><long>2</long></void>
  <void property="labelCn"><string>辽宁</string></void>
  <void property="relatedSpaceCuid"><string>DISTRICT-00001</string></void>
  <void property="serviceLevel"><long>1</long></void>
  <void property="spellabbreviation"><string>ln</string></void>
  <void property="districtChildNum"><long>1</long></void>
 </object>
 <object class="com.boco.transnms.common.dto.District">
  <void property="cuid"><string>DISTRICT-00001-00007-00001</string></void>
  <void property="dataType"><long>3</long></void>
  <void property="labelCn"><string>沈阳</string></void>
  <void property="isMetropolis"><boolean>true</boolean></void>
  <void property="relatedSpaceCuid"><string>DISTRICT-00001-00007</string></void>
  <void property="serviceLevel"><long>2</long></void>
  <void property="spellabbreviation"><string>sy</string></void>
 </object>
 <object class="com.boco.transnms.common.dto.District">
  <void property="cuid"><string>DISTRICT-00001-00003</string></void>
  <void property="dataType"><long>2</long></void>
  <void property="labelCn"><string>江苏</string></void>
  <void property="relatedSpaceCuid"><string>DISTRICT-00001</string></void>
  <void property="serviceLevel"><long>1</long></void>
  <void property="spellabbreviation"><string>js</string></void>
  <void property="districtChildNum"><long>1</long></void>
 </object>
 <object class="com.boco.transnms.common.dto.District">
  <void property="cuid"><string>DISTRICT-00001-00003-00001</string></void>
  <void property="dataType"><long>3</long></void>
  <void property="labelCn"><string>南京</string></void>
  <void property="isMetropolis"><boolean>true</boolean></void>
  <void property="relatedSpaceCuid"><string>DISTRICT-00001-00003</string></void>
  <void property="serviceLevel"><long>2</long></void>
  <void property="spellabbreviation"><string>nj</string></void>
 </object>
 <object class="com.boco.transnms.common.dto.District">
  <void property="cuid"><string>DISTRICT-00001-00014</string></void>
  <void property="dataType"><long>2</long></void>
  <void property="labelCn"><string>湖北</string></void>
  <void property="relatedSpaceCuid"><string>DISTRICT-00001</string></void>
  <void property="serviceLevel"><long>1</long></void>
  <void property="spellabbreviation"><string>hb</string></void>
  <void property="districtChildNum"><long>1</long></void>
 </object>
 <object class="com.boco.transnms.common.dto.District">
  <void property="cuid"><string>DISTRICT-00001-00014-00001</string></void>
  <void property="dataType"><long>3</long></void>
  <void property="labelCn"><string>武汉</string></void>
  <void property="relatedSpaceCuid"><string>DISTRICT-00001-00014</string></void>
  <void property="isMetropolis"><boolean>true</boolean></void>
  <void property="serviceLevel"><long>2</long></void>
  <void property="spellabbreviation"><string>wh</string></void>
 </object>
 <object class="com.boco.transnms.common.dto.District">
  <void property="cuid"><string>DISTRICT-00001-00015</string></void>
  <void property="dataType"><long>2</long></void>
  <void property="labelCn"><string>四川</string></void>
  <void property="relatedSpaceCuid"><string>DISTRICT-00001</string></void>
  <void property="serviceLevel"><long>1</long></void>
  <void property="spellabbreviation"><string>sc</string></void>
  <void property="districtChildNum"><long>1</long></void>
 </object>
 <object class="com.boco.transnms.common.dto.District">
  <void property="cuid"><string>DISTRICT-00001-00015-00001</string></void>
  <void property="dataType"><long>3</long></void>
  <void property="labelCn"><string>成都</string></void>
  <void property="relatedSpaceCuid"><string>DISTRICT-00001-00015</string></void>
  <void property="isMetropolis"><boolean>true</boolean></void>
  <void property="serviceLevel"><long>2</long></void>
  <void property="spellabbreviation"><string>cd</string></void>
 </object>
 <object class="com.boco.transnms.common.dto.District">
  <void property="cuid"><string>DISTRICT-00001-00022</string></void>
  <void property="dataType"><long>2</long></void>
  <void property="labelCn"><string>陕西</string></void>
  <void property="relatedSpaceCuid"><string>DISTRICT-00001</string></void>
  <void property="serviceLevel"><long>1</long></void>
  <void property="spellabbreviation"><string>sx</string></void>
  <void property="districtChildNum"><long>1</long></void>
 </object>
 <object class="com.boco.transnms.common.dto.District">
  <void property="cuid"><string>DISTRICT-00001-00022-00001</string></void>
  <void property="dataType"><long>3</long></void>
  <void property="labelCn"><string>西安</string></void>
  <void property="relatedSpaceCuid"><string>DISTRICT-00001-00022</string></void>
  <void property="isMetropolis"><boolean>true</boolean></void>
  <void property="serviceLevel"><long>2</long></void>
  <void property="spellabbreviation"><string>xa</string></void>
 </object>
 <object class="com.boco.transnms.common.dto.District">
  <void property="cuid"><string>DISTRICT-00001-00032</string></void>
  <void property="dataType"><long>2</long></void>
  <void property="labelCn"><string>山西</string></void>
  <void property="relatedSpaceCuid"><string>DISTRICT-00001</string></void>
  <void property="serviceLevel"><long>1</long></void>
  <void property="spellabbreviation"><string>sx</string></void>
  <void property="districtChildNum"><long>1</long></void>
 </object>
 <object class="com.boco.transnms.common.dto.District">
  <void property="cuid"><string>DISTRICT-00001-00032-00001</string></void>
  <void property="dataType"><long>3</long></void>
  <void property="labelCn"><string>太原</string></void>
  <void property="relatedSpaceCuid"><string>DISTRICT-00001-00032</string></void>
  <void property="isMetropolis"><boolean>true</boolean></void>
  <void property="serviceLevel"><long>1</long></void>
  <void property="spellabbreviation"><string>ty</string></void>
 </object>
 <object class="com.boco.transnms.common.dto.District">
  <void property="cuid"><string>DISTRICT-00001-00002</string></void>
  <void property="dataType"><long>2</long></void>
  <void property="labelCn"><string>河南</string></void>
  <void property="relatedSpaceCuid"><string>DISTRICT-00001</string></void>
  <void property="serviceLevel"><long>1</long></void>
  <void property="spellabbreviation"><string>hn</string></void>
  <void property="districtChildNum"><long>1</long></void>
 </object>
 <object class="com.boco.transnms.common.dto.District">
  <void property="cuid"><string>DISTRICT-00001-00002-00001</string></void>
  <void property="dataType"><long>3</long></void>
  <void property="labelCn"><string>郑州</string></void>
  <void property="relatedSpaceCuid"><string>DISTRICT-00001-00002</string></void>
  <void property="isMetropolis"><boolean>true</boolean></void>
  <void property="serviceLevel"><long>2</long></void>
  <void property="spellabbreviation"><string>zz</string></void>
 </object>
 <object class="com.boco.transnms.common.dto.District">
  <void property="cuid"><string>DISTRICT-00001-00005</string></void>
  <void property="dataType"><long>2</long></void>
  <void property="labelCn"><string>吉林</string></void>
  <void property="relatedSpaceCuid"><string>DISTRICT-00001</string></void>
  <void property="serviceLevel"><long>1</long></void>
  <void property="spellabbreviation"><string>jll</string></void>
  <void property="districtChildNum"><long>1</long></void>
 </object>
 <object class="com.boco.transnms.common.dto.District">
  <void property="cuid"><string>DISTRICT-00001-00005-00001</string></void>
  <void property="dataType"><long>3</long></void>
  <void property="labelCn"><string>长春</string></void>
  <void property="relatedSpaceCuid"><string>DISTRICT-00001-00005</string></void>
  <void property="isMetropolis"><boolean>true</boolean></void>
  <void property="serviceLevel"><long>2</long></void>
  <void property="spellabbreviation"><string>cc</string></void>
 </object>
 <object class="com.boco.transnms.common.dto.District">
  <void property="cuid"><string>DISTRICT-00001-00019</string></void>
  <void property="dataType"><long>2</long></void>
  <void property="labelCn"><string>黑龙江</string></void>
  <void property="relatedSpaceCuid"><string>DISTRICT-00001</string></void>
  <void property="serviceLevel"><long>1</long></void>
  <void property="spellabbreviation"><string>hlj</string></void>
  <void property="districtChildNum"><long>1</long></void>
 </object>
 <object class="com.boco.transnms.common.dto.District">
  <void property="cuid"><string>DISTRICT-00001-00019-00001</string></void>
  <void property="dataType"><long>3</long></void>
  <void property="labelCn"><string>哈尔滨</string></void>
  <void property="relatedSpaceCuid"><string>DISTRICT-00001-00019</string></void>
  <void property="isMetropolis"><boolean>true</boolean></void>
  <void property="serviceLevel"><long>2</long></void>
  <void property="spellabbreviation"><string>heb</string></void>
 </object>
 <object class="com.boco.transnms.common.dto.District">
  <void property="cuid"><string>DISTRICT-00001-00010</string></void>
  <void property="dataType"><long>2</long></void>
  <void property="labelCn"><string>内蒙古</string></void>
  <void property="relatedSpaceCuid"><string>DISTRICT-00001</string></void>
  <void property="serviceLevel"><long>1</long></void>
  <void property="spellabbreviation"><string>nmg</string></void>
  <void property="districtChildNum"><long>1</long></void>
 </object>
 <object class="com.boco.transnms.common.dto.District">
  <void property="cuid"><string>DISTRICT-00001-00010-00001</string></void>
  <void property="dataType"><long>3</long></void>
  <void property="labelCn"><string>呼和浩特</string></void>
  <void property="relatedSpaceCuid"><string>DISTRICT-00001-00010</string></void>
  <void property="isMetropolis"><boolean>true</boolean></void>
  <void property="serviceLevel"><long>2</long></void>
  <void property="spellabbreviation"><string>hhht</string></void>
 </object>
 <object class="com.boco.transnms.common.dto.District">
  <void property="cuid"><string>DISTRICT-00001-00008</string></void>
  <void property="dataType"><long>2</long></void>
  <void property="labelCn"><string>山东</string></void>
  <void property="relatedSpaceCuid"><string>DISTRICT-00001</string></void>
  <void property="serviceLevel"><long>1</long></void>
  <void property="spellabbreviation"><string>sd</string></void>
  <void property="districtChildNum"><long>1</long></void>
 </object>
 <object class="com.boco.transnms.common.dto.District">
  <void property="cuid"><string>DISTRICT-00001-00008-00001</string></void>
  <void property="dataType"><long>3</long></void>
  <void property="labelCn"><string>济南</string></void>
  <void property="relatedSpaceCuid"><string>DISTRICT-00001-00008</string></void>
  <void property="isMetropolis"><boolean>true</boolean></void>
  <void property="serviceLevel"><long>2</long></void>
  <void property="spellabbreviation"><string>jn</string></void>
 </object>
 <object class="com.boco.transnms.common.dto.District">
  <void property="cuid"><string>DISTRICT-00001-00017</string></void>
  <void property="dataType"><long>2</long></void>
  <void property="labelCn"><string>安徽</string></void>
  <void property="relatedSpaceCuid"><string>DISTRICT-00001</string></void>
  <void property="serviceLevel"><long>1</long></void>
  <void property="spellabbreviation"><string>ah</string></void>
  <void property="districtChildNum"><long>1</long></void>
 </object>
 <object class="com.boco.transnms.common.dto.District">
  <void property="cuid"><string>DISTRICT-00001-00017-00001</string></void>
  <void property="dataType"><long>3</long></void>
  <void property="labelCn"><string>合肥</string></void>
  <void property="relatedSpaceCuid"><string>DISTRICT-00001-00017</string></void>
  <void property="isMetropolis"><boolean>true</boolean></void>
  <void property="serviceLevel"><long>2</long></void>
  <void property="spellabbreviation"><string>hf</string></void>
 </object>
 <object class="com.boco.transnms.common.dto.District">
  <void property="cuid"><string>DISTRICT-00001-00031</string></void>
  <void property="dataType"><long>2</long></void>
  <void property="labelCn"><string>浙江</string></void>
  <void property="relatedSpaceCuid"><string>DISTRICT-00001</string></void>
  <void property="serviceLevel"><long>1</long></void>
  <void property="spellabbreviation"><string>zj</string></void>
  <void property="districtChildNum"><long>1</long></void>
 </object>
 <object class="com.boco.transnms.common.dto.District">
  <void property="cuid"><string>DISTRICT-00001-00031-00001</string></void>
  <void property="dataType"><long>3</long></void>
  <void property="labelCn"><string>杭州</string></void>
  <void property="relatedSpaceCuid"><string>DISTRICT-00001-00031</string></void>
  <void property="isMetropolis"><boolean>true</boolean></void>
  <void property="serviceLevel"><long>2</long></void>
  <void property="spellabbreviation"><string>hz</string></void>
 </object>
 <object class="com.boco.transnms.common.dto.District">
  <void property="cuid"><string>DISTRICT-00001-00030</string></void>
  <void property="dataType"><long>2</long></void>
  <void property="labelCn"><string>福建</string></void>
  <void property="relatedSpaceCuid"><string>DISTRICT-00001</string></void>
  <void property="serviceLevel"><long>1</long></void>
  <void property="spellabbreviation"><string>fj</string></void>
  <void property="districtChildNum"><long>1</long></void>
 </object>
 <object class="com.boco.transnms.common.dto.District">
  <void property="cuid"><string>DISTRICT-00001-00030-00001</string></void>
  <void property="dataType"><long>3</long></void>
  <void property="labelCn"><string>福州</string></void>
  <void property="relatedSpaceCuid"><string>DISTRICT-00001-00030</string></void>
  <void property="isMetropolis"><boolean>true</boolean></void>
  <void property="serviceLevel"><long>2</long></void>
  <void property="spellabbreviation"><string>fz</string></void>
 </object>
 <object class="com.boco.transnms.common.dto.District">
  <void property="cuid"><string>DISTRICT-00001-00001</string></void>
  <void property="dataType"><long>2</long></void>
  <void property="labelCn"><string>湖南</string></void>
  <void property="relatedSpaceCuid"><string>DISTRICT-00001</string></void>
  <void property="serviceLevel"><long>1</long></void>
  <void property="spellabbreviation"><string>hn</string></void>
  <void property="districtChildNum"><long>1</long></void>
 </object>
 <object class="com.boco.transnms.common.dto.District">
  <void property="cuid"><string>DISTRICT-00001-00001-00001</string></void>
  <void property="dataType"><long>3</long></void>
  <void property="labelCn"><string>长沙</string></void>
  <void property="relatedSpaceCuid"><string>DISTRICT-00001-00001</string></void>
  <void property="isMetropolis"><boolean>true</boolean></void>
  <void property="serviceLevel"><long>2</long></void>
  <void property="spellabbreviation"><string>cs</string></void>
 </object>
 <object class="com.boco.transnms.common.dto.District">
  <void property="cuid"><string>DISTRICT-00001-00011</string></void>
  <void property="dataType"><long>2</long></void>
  <void property="labelCn"><string>广西</string></void>
  <void property="relatedSpaceCuid"><string>DISTRICT-00001</string></void>
  <void property="serviceLevel"><long>1</long></void>
  <void property="spellabbreviation"><string>gx</string></void>
  <void property="districtChildNum"><long>1</long></void>
 </object>
 <object class="com.boco.transnms.common.dto.District">
  <void property="cuid"><string>DISTRICT-00001-00011-00001</string></void>
  <void property="dataType"><long>3</long></void>
  <void property="labelCn"><string>南宁</string></void>
  <void property="relatedSpaceCuid"><string>DISTRICT-00001-00011</string></void>
  <void property="isMetropolis"><boolean>true</boolean></void>
  <void property="serviceLevel"><long>2</long></void>
  <void property="spellabbreviation"><string>nn</string></void>
 </object>
 <object class="com.boco.transnms.common.dto.District">
  <void property="cuid"><string>DISTRICT-00001-00006</string></void>
  <void property="dataType"><long>2</long></void>
  <void property="labelCn"><string>江西</string></void>
  <void property="relatedSpaceCuid"><string>DISTRICT-00001</string></void>
  <void property="serviceLevel"><long>1</long></void>
  <void property="spellabbreviation"><string>jx</string></void>
  <void property="districtChildNum"><long>1</long></void>
 </object>
 <object class="com.boco.transnms.common.dto.District">
  <void property="cuid"><string>DISTRICT-00001-00006-00001</string></void>
  <void property="dataType"><long>3</long></void>
  <void property="labelCn"><string>南昌</string></void>
  <void property="relatedSpaceCuid"><string>DISTRICT-00001-00006</string></void>
  <void property="isMetropolis"><boolean>true</boolean></void>
  <void property="serviceLevel"><long>2</long></void>
  <void property="spellabbreviation"><string>nc</string></void>
 </object>
 <object class="com.boco.transnms.common.dto.District">
  <void property="cuid"><string>DISTRICT-00001-00016</string></void>
  <void property="dataType"><long>2</long></void>
  <void property="labelCn"><string>贵州</string></void>
  <void property="relatedSpaceCuid"><string>DISTRICT-00001</string></void>
  <void property="serviceLevel"><long>1</long></void>
  <void property="spellabbreviation"><string>gz</string></void>
  <void property="districtChildNum"><long>1</long></void>
 </object>
 <object class="com.boco.transnms.common.dto.District">
  <void property="cuid"><string>DISTRICT-00001-00016-00001</string></void>
  <void property="dataType"><long>3</long></void>
  <void property="labelCn"><string>贵阳</string></void>
  <void property="relatedSpaceCuid"><string>DISTRICT-00001-00016</string></void>
  <void property="isMetropolis"><boolean>true</boolean></void>
  <void property="serviceLevel"><long>2</long></void>
  <void property="spellabbreviation"><string>gy</string></void>
 </object>
 <object class="com.boco.transnms.common.dto.District">
  <void property="cuid"><string>DISTRICT-00001-00026</string></void>
  <void property="dataType"><long>2</long></void>
  <void property="labelCn"><string>香港</string></void>
  <void property="relatedSpaceCuid"><string>DISTRICT-00001</string></void>
  <void property="serviceLevel"><long>1</long></void>
  <void property="spellabbreviation"><string>xg</string></void>
 </object>
 <object class="com.boco.transnms.common.dto.District">
  <void property="cuid"><string>DISTRICT-00001-00018</string></void>
  <void property="dataType"><long>2</long></void>
  <void property="labelCn"><string>澳门</string></void>
  <void property="relatedSpaceCuid"><string>DISTRICT-00001</string></void>
  <void property="serviceLevel"><long>1</long></void>
  <void property="spellabbreviation"><string>am</string></void>
 </object>
 <object class="com.boco.transnms.common.dto.District">
  <void property="cuid"><string>DISTRICT-00001-00021</string></void>
  <void property="dataType"><long>2</long></void>
  <void property="labelCn"><string>云南</string></void>
  <void property="relatedSpaceCuid"><string>DISTRICT-00001</string></void>
  <void property="serviceLevel"><long>1</long></void>
  <void property="spellabbreviation"><string>yn</string></void>
  <void property="districtChildNum"><long>1</long></void>
 </object>
 <object class="com.boco.transnms.common.dto.District">
  <void property="cuid"><string>DISTRICT-00001-00021-00001</string></void>
  <void property="dataType"><long>3</long></void>
  <void property="labelCn"><string>昆明</string></void>
  <void property="relatedSpaceCuid"><string>DISTRICT-00001-00021</string></void>
  <void property="isMetropolis"><boolean>true</boolean></void>
  <void property="serviceLevel"><long>2</long></void>
  <void property="spellabbreviation"><string>km</string></void>
 </object>
 <object class="com.boco.transnms.common.dto.District">
  <void property="cuid"><string>DISTRICT-00001-00028</string></void>
  <void property="dataType"><long>2</long></void>
  <void property="labelCn"><string>台湾</string></void>
  <void property="relatedSpaceCuid"><string>DISTRICT-00001</string></void>
  <void property="serviceLevel"><long>1</long></void>
  <void property="spellabbreviation"><string>tw</string></void>
  <void property="districtChildNum"><long>1</long></void>
 </object>
 <object class="com.boco.transnms.common.dto.District">
  <void property="cuid"><string>DISTRICT-00001-00028-00001</string></void>
  <void property="dataType"><long>3</long></void>
  <void property="labelCn"><string>台北</string></void>
  <void property="relatedSpaceCuid"><string>DISTRICT-00001-00028</string></void>
  <void property="isMetropolis"><boolean>true</boolean></void>
  <void property="serviceLevel"><long>2</long></void>
  <void property="spellabbreviation"><string>tb</string></void>
 </object>
 <object class="com.boco.transnms.common.dto.District">
  <void property="cuid"><string>DISTRICT-00001-00027</string></void>
  <void property="dataType"><long>2</long></void>
  <void property="labelCn"><string>海南</string></void>
  <void property="relatedSpaceCuid"><string>DISTRICT-00001</string></void>
  <void property="serviceLevel"><long>1</long></void>
  <void property="spellabbreviation"><string>hn</string></void>
  <void property="districtChildNum"><long>1</long></void>
 </object>
 <object class="com.boco.transnms.common.dto.District">
  <void property="cuid"><string>DISTRICT-00001-00027-00001</string></void>
  <void property="dataType"><long>3</long></void>
  <void property="labelCn"><string>海口</string></void>
  <void property="relatedSpaceCuid"><string>DISTRICT-00001-00027</string></void>
  <void property="isMetropolis"><boolean>true</boolean></void>
  <void property="serviceLevel"><long>2</long></void>
  <void property="spellabbreviation"><string>hk</string></void>
 </object>
 <object class="com.boco.transnms.common.dto.District">
  <void property="cuid"><string>DISTRICT-00001-00004</string></void>
  <void property="dataType"><long>2</long></void>
  <void property="labelCn"><string>西藏</string></void>
  <void property="relatedSpaceCuid"><string>DISTRICT-00001</string></void>
  <void property="serviceLevel"><long>1</long></void>
  <void property="spellabbreviation"><string>xc</string></void>
  <void property="districtChildNum"><long>1</long></void>
 </object>
 <object class="com.boco.transnms.common.dto.District">
  <void property="cuid"><string>DISTRICT-00001-00004-00001</string></void>
  <void property="dataType"><long>3</long></void>
  <void property="labelCn"><string>拉萨</string></void>
  <void property="relatedSpaceCuid"><string>DISTRICT-00001-00004</string></void>
  <void property="isMetropolis"><boolean>true</boolean></void>
  <void property="serviceLevel"><long>2</long></void>
  <void property="spellabbreviation"><string>ls</string></void>
 </object>
 <object class="com.boco.transnms.common.dto.District">
  <void property="cuid"><string>DISTRICT-00001-00029</string></void>
  <void property="dataType"><long>2</long></void>
  <void property="labelCn"><string>甘肃</string></void>
  <void property="relatedSpaceCuid"><string>DISTRICT-00001</string></void>
  <void property="serviceLevel"><long>1</long></void>
  <void property="spellabbreviation"><string>gs</string></void>
  <void property="districtChildNum"><long>1</long></void>
 </object>
 <object class="com.boco.transnms.common.dto.District">
  <void property="cuid"><string>DISTRICT-00001-00029-00001</string></void>
  <void property="dataType"><long>3</long></void>
  <void property="labelCn"><string>兰州</string></void>
  <void property="relatedSpaceCuid"><string>DISTRICT-00001-00029</string></void>
  <void property="isMetropolis"><boolean>true</boolean></void>
  <void property="serviceLevel"><long>2</long></void>
  <void property="spellabbreviation"><string>lz</string></void>
 </object>
 <object class="com.boco.transnms.common.dto.District">
  <void property="cuid"><string>DISTRICT-00001-00013</string></void>
  <void property="dataType"><long>2</long></void>
  <void property="labelCn"><string>宁夏</string></void>
  <void property="relatedSpaceCuid"><string>DISTRICT-00001</string></void>
  <void property="serviceLevel"><long>1</long></void>
  <void property="spellabbreviation"><string>nx</string></void>
  <void property="districtChildNum"><long>1</long></void>
 </object>
 <object class="com.boco.transnms.common.dto.District">
  <void property="cuid"><string>DISTRICT-00001-00013-00001</string></void>
  <void property="dataType"><long>3</long></void>
  <void property="labelCn"><string>银川</string></void>
  <void property="relatedSpaceCuid"><string>DISTRICT-00001-00013</string></void>
  <void property="isMetropolis"><boolean>true</boolean></void>
  <void property="serviceLevel"><long>2</long></void>
  <void property="spellabbreviation"><string>yc</string></void>
 </object>
 <object class="com.boco.transnms.common.dto.District">
  <void property="cuid"><string>DISTRICT-00001-00020</string></void>
  <void property="dataType"><long>2</long></void>
  <void property="labelCn"><string>青海</string></void>
  <void property="relatedSpaceCuid"><string>DISTRICT-00001</string></void>
  <void property="serviceLevel"><long>1</long></void>
  <void property="spellabbreviation"><string>qh</string></void>
  <void property="districtChildNum"><long>1</long></void>
 </object>
 <object class="com.boco.transnms.common.dto.District">
  <void property="cuid"><string>DISTRICT-00001-00020-00001</string></void>
  <void property="dataType"><long>3</long></void>
  <void property="labelCn"> <string>西宁</string></void>
  <void property="relatedSpaceCuid"> <string>DISTRICT-00001-00020</string></void>
  <void property="isMetropolis"><boolean>true</boolean></void>
  <void property="serviceLevel"> <long>2</long></void>
  <void property="spellabbreviation"><string>xn</string></void>
 </object>
 <object class="com.boco.transnms.common.dto.District">
  <void property="cuid"><string>DISTRICT-00001-00023</string></void>
  <void property="dataType"><long>2</long></void>
  <void property="labelCn"><string>新疆</string></void>
  <void property="relatedSpaceCuid"> <string>DISTRICT-00001</string></void>
  <void property="serviceLevel"><long>1</long></void>
  <void property="spellabbreviation"> <string>xj</string></void>
  <void property="districtChildNum"><long>1</long></void>
 </object>
 <object class="com.boco.transnms.common.dto.District">
  <void property="cuid"><string>DISTRICT-00001-00023-00001</string></void>
  <void property="dataType"> <long>3</long></void>
  <void property="labelCn"> <string>乌鲁木齐</string></void>
  <void property="relatedSpaceCuid"> <string>DISTRICT-00001-00023</string></void>
  <void property="isMetropolis"><boolean>true</boolean></void>
  <void property="serviceLevel"><long>1</long></void>
  <void property="spellabbreviation"><string>wlmq</string></void>
 </object>
 <object class="com.boco.transnms.common.dto.District">
  <void property="cuid"><string>DISTRICT-00001-00024</string></void>
  <void property="dataType"><long>2</long></void>
  <void property="labelCn"><string>北京</string></void>
  <void property="isMunicipality"><boolean>true</boolean></void>
  <void property="relatedSpaceCuid"><string>DISTRICT-00001</string></void>
  <void property="serviceLevel"><long>1</long></void>
  <void property="spellabbreviation"><string>bj</string></void>
 </object>
 <object class="com.boco.transnms.common.dto.District">
  <void property="cuid"><string>DISTRICT-00001-00025</string></void>
  <void property="dataType"><long>2</long></void>
  <void property="labelCn"><string>上海</string></void>
  <void property="isMunicipality"><boolean>true</boolean></void>
  <void property="relatedSpaceCuid"><string>DISTRICT-00001</string></void>
  <void property="serviceLevel"><long>1</long></void>
  <void property="spellabbreviation"><string>sh</string></void>
 </object>
 <object class="com.boco.transnms.common.dto.District">
  <void property="cuid"><string>DISTRICT-00001-00033</string></void>
  <void property="dataType"><long>2</long></void>
  <void property="labelCn"><string>天津</string> </void>
  <void property="isMunicipality"><boolean>true</boolean></void>
  <void property="relatedSpaceCuid"> <string>DISTRICT-00001</string> </void>
  <void property="serviceLevel"> <long>1</long> </void>
  <void property="spellabbreviation"> <string>tj</string> </void>
 </object>
 <object class="com.boco.transnms.common.dto.District">
  <void property="cuid"><string>DISTRICT-00001-00012</string></void>
  <void property="dataType"><long>2</long></void>
  <void property="labelCn"><string>重庆</string></void>
  <void property="relatedSpaceCuid"><string>DISTRICT-00001</string></void>
  <void property="serviceLevel"><long>1</long></void>
  <void property="isMunicipality"><boolean>true</boolean></void>
  <void property="spellabbreviation"><string>zq</string></void>
 </object>
</java>
