<?xml version="1.0" encoding="UTF-8"?>
<java version="1.5.0_03" class="java.beans.XMLDecoder">
 <object class="com.boco.transnms.common.dto.FaultRFConddetail">
  <void property="objectTypeCode"><long>18202</long></void>		<!-- 统一填18202 -->
  <void property="alarmFlag"><long>1</long></void>		<!-- 1为本端，2为对端(告警位置标志) -->
  <void property="isKeyFlag"><boolean>true</boolean></void>	<!-- true为关键标志 -->
  <void property="relatedCondgroupCuid"><string>FAULT_RULES_FIBER-001</string></void>	    <!-- 主规则名称 -->  
  <void property="relatedAlarmCuid"><string>VENDOR_ALARM-HUAWEI29</string></void>   <!-- 厂家告警Cuid -->
  <void property="cuid"><string>FAULT_R_F_CONDDETAIL-001</string></void>
 </object>
 
 <object class="com.boco.transnms.common.dto.FaultRFConddetail">
  <void property="objectTypeCode"><long>18202</long></void>		
  <void property="alarmFlag"><long>1</long></void>		
  <void property="isKeyFlag"><boolean>false</boolean></void>	
  <void property="relatedCondgroupCuid"><string>FAULT_RULES_FIBER-001</string></void>	    
  <void property="relatedAlarmCuid"><string>VENDOR_ALARM-HUAWEI27</string></void>   
  <void property="cuid"><string>FAULT_R_F_CONDDETAIL-002</string></void>
 </object>
 
 <object class="com.boco.transnms.common.dto.FaultRFConddetail">
  <void property="objectTypeCode"><long>18202</long></void>		
  <void property="alarmFlag"><long>1</long></void>		
  <void property="isKeyFlag"><boolean>true</boolean></void>	
  <void property="relatedCondgroupCuid"><string>FAULT_RULES_FIBER-002</string></void>	    
  <void property="relatedAlarmCuid"><string>VENDOR_ALARM-HUAWEI29</string></void>  
  <void property="cuid"><string>FAULT_R_F_CONDDETAIL-003</string></void>
 </object>
 
 <object class="com.boco.transnms.common.dto.FaultRFConddetail">
  <void property="objectTypeCode"><long>18202</long></void>		
  <void property="alarmFlag"><long>2</long></void>		
  <void property="isKeyFlag"><boolean>true</boolean></void>	
  <void property="relatedCondgroupCuid"><string>FAULT_RULES_FIBER-002</string></void>	    
  <void property="relatedAlarmCuid"><string>VENDOR_ALARM-HUAWEI29</string></void>  
  <void property="cuid"><string>FAULT_R_F_CONDDETAIL-004</string></void>
 </object>
</java>
