<?xml version="1.0" encoding="UTF-8"?>
<java version="1.5.0_03" class="java.beans.XMLDecoder">
 <object class="com.boco.transnms.common.dto.FaultRulesFiber">
  <void property="objectTypeCode"><long>18201</long></void>	<!-- 统一填18201 -->
  <void property="groupName"><string>faultRule1</string></void>		<!--故障规则名称 -->  
  <void property="fiberFaultFlag"><long>1</long></void>	    <!-- 1为单纤,2为双纤(线路故障类型) -->
  <void property="faultDescribe"><string>单纤故障</string></void>   <!-- 故障描述 -->
  <void property="relatedVendorCuid"><string>DEVICE_VENDOR-1</string></void>   <!-- 厂家Cuid -->
  <void property="cuid"><string>FAULT_RULES_FIBER-001</string></void>
 </object>
 
 <object class="com.boco.transnms.common.dto.FaultRulesFiber">
  <void property="objectTypeCode"><long>18201</long></void>	
  <void property="groupName"><string>faultRule2</string></void>		  
  <void property="fiberFaultFlag"><long>2</long></void>	    
  <void property="faultDescribe"><string>双纤故障</string></void>   
  <void property="relatedVendorCuid"><string>DEVICE_VENDOR-1</string></void>   
  <void property="cuid"><string>FAULT_RULES_FIBER-002</string></void>
 </object>
</java>
