<?xml version="1.0" encoding="UTF-8"?>
<java version="1.5.0_03" class="java.beans.XMLDecoder">
 <object class="com.boco.transnms.common.dto.Icon">
  <void property="labelCn"><string>拖动</string></void>
  <void property="iconPathCn"><string>/images/topo/drag.png</string></void>
  <void property="defaultIconPathCn"><string>/images/topo/drag.png</string></void>
  <void property="cuid"><string>ICON-1101</string></void>
  <void property="systemLabelCn"><string>拓扑</string></void>
 </object>
 <object class="com.boco.transnms.common.dto.Icon">
  <void property="labelCn"><string>选择</string></void>
  <void property="iconPathCn"><string>/images/topo/select.png</string></void>
  <void property="defaultIconPathCn"><string>/images/topo/select.png</string></void>
  <void property="cuid"><string>ICON-1102</string></void>
  <void property="systemLabelCn"><string>拓扑</string></void>
 </object>
 <object class="com.boco.transnms.common.dto.Icon">
  <void property="labelCn"><string>放大</string></void>
  <void property="iconPathCn"><string>/images/topo/zoomin.png</string></void>
  <void property="defaultIconPathCn"><string>/images/topo/zoomin.png</string></void>
  <void property="cuid"><string>ICON-1103</string></void>
  <void property="systemLabelCn"><string>拓扑</string></void>
 </object>
 <object class="com.boco.transnms.common.dto.Icon">
  <void property="labelCn"><string>缩小</string></void>
  <void property="iconPathCn"><string>/images/topo/zoomout.png</string></void>
  <void property="defaultIconPathCn"><string>/images/topo/zoomout.png</string></void>
  <void property="cuid"><string>ICON-1104</string></void>
  <void property="systemLabelCn"><string>拓扑</string></void>
 </object>
 <object class="com.boco.transnms.common.dto.Icon">
  <void property="labelCn"><string>平移</string></void>
  <void property="iconPathCn"><string>/images/topo/zoompan.png</string></void>
  <void property="defaultIconPathCn"><string>/images/topo/zoompan.png</string></void>
  <void property="cuid"><string>ICON-1105</string></void>
  <void property="systemLabelCn"><string>拓扑</string></void>
 </object>
 <object class="com.boco.transnms.common.dto.Icon">
  <void property="labelCn"><string>保存</string></void>
  <void property="iconPathCn"><string>/images/topo/save.png</string></void>
  <void property="defaultIconPathCn"><string>/images/topo/save.png</string></void>
  <void property="cuid"><string>ICON-1108</string></void>
  <void property="systemLabelCn"><string>拓扑</string></void>
 </object>
 <object class="com.boco.transnms.common.dto.Icon">
  <void property="labelCn"><string>查看电路</string></void>
  <void property="iconPathCn"><string>/images/topo/viewtraph.png</string></void>
  <void property="defaultIconPathCn"><string>/images/topo/viewtraph.png</string></void>
  <void property="cuid"><string>ICON-1109</string></void>
  <void property="systemLabelCn"><string>拓扑</string></void>
 </object>
 <object class="com.boco.transnms.common.dto.Icon">
  <void property="labelCn"><string>省级站点</string></void>
  <void property="iconPathCn"><string>/images/topo/site_prov.png</string></void>
  <void property="defaultIconPathCn"><string>/images/topo/site_prov.png</string></void>
  <void property="cuid"><string>ICON-1110</string></void>
  <void property="systemLabelCn"><string>拓扑</string></void>
 </object>
 <object class="com.boco.transnms.common.dto.Icon">
  <void property="labelCn"><string>地市级站点</string></void>
  <void property="iconPathCn"><string>/images/topo/site_city.png</string></void>
  <void property="defaultIconPathCn"><string>/images/topo/site_city.png</string></void>
  <void property="cuid"><string>ICON-1111</string></void>
  <void property="systemLabelCn"><string>拓扑</string></void>
 </object>
 <object class="com.boco.transnms.common.dto.Icon">
  <void property="labelCn"><string>区县级站点</string></void>
  <void property="iconPathCn"><string>/images/topo/site_country.png</string></void>
  <void property="defaultIconPathCn"><string>/images/topo/site_country.png</string></void>
  <void property="cuid"><string>ICON-1112</string></void>
  <void property="systemLabelCn"><string>拓扑</string></void>
 </object>
 <object class="com.boco.transnms.common.dto.Icon">
  <void property="labelCn"><string>sdh设备</string></void>
  <void property="iconPathCn"><string>/images/topo/dev_sdh.png</string></void>
  <void property="defaultIconPathCn"><string>/images/topo/dev_sdh.png</string></void>
  <void property="cuid"><string>ICON-1113</string></void>
  <void property="systemLabelCn"><string>拓扑</string></void>
 </object>
 <object class="com.boco.transnms.common.dto.Icon">
  <void property="labelCn"><string>wdm设备</string></void>
  <void property="iconPathCn"><string>/images/topo/dev_wdm.png</string></void>
  <void property="defaultIconPathCn"><string>/images/topo/dev_wdm.png</string></void>
  <void property="cuid"><string>ICON-1114</string></void>
  <void property="systemLabelCn"><string>拓扑</string></void>
 </object>
 <object class="com.boco.transnms.common.dto.Icon">
  <void property="labelCn"><string>microwave设备</string></void>
  <void property="iconPathCn"><string>/images/topo/dev_microwave.png</string></void>
  <void property="defaultIconPathCn"><string>/images/topo/dev_microwave.png</string></void>
  <void property="cuid"><string>ICON-1115</string></void>
  <void property="systemLabelCn"><string>拓扑</string></void>
 </object>
 <object class="com.boco.transnms.common.dto.Icon">
  <void property="labelCn"><string>传输端口</string></void>
  <void property="iconPathCn"><string>/images/topo/trans_port.png</string></void>
  <void property="defaultIconPathCn"><string>/images/topo/trans_port.png</string></void>
  <void property="cuid"><string>ICON-1116</string></void>
  <void property="systemLabelCn"><string>拓扑</string></void>
 </object>
 <object class="com.boco.transnms.common.dto.Icon">
  <void property="labelCn"><string>业务端口</string></void>
  <void property="iconPathCn"><string>/images/topo/switch_port.png</string></void>
  <void property="defaultIconPathCn"><string>/images/topo/switch_port.png</string></void>
  <void property="cuid"><string>ICON-1117</string></void>
  <void property="systemLabelCn"><string>拓扑</string></void>
 </object>
 <object class="com.boco.transnms.common.dto.Icon">
  <void property="labelCn"><string>子网</string></void>
  <void property="iconPathCn"><string>/images/topo/subnet.jpg</string></void>
  <void property="defaultIconPathCn"><string>/images/topo/subnet.jpg</string></void>
  <void property="cuid"><string>ICON-1118</string></void>
  <void property="systemLabelCn"><string>拓扑</string></void>
 </object>
  <object class="com.boco.transnms.common.dto.Icon">
  <void property="labelCn"><string>通道端口</string></void>
  <void property="iconPathCn"><string>/images/topo/ctp.png</string></void>
  <void property="defaultIconPathCn"><string>/images/topo/ctp.png</string></void>
  <void property="cuid"><string>ICON-1119</string></void>
  <void property="systemLabelCn"><string>拓扑</string></void>
 </object>
 <object class="com.boco.transnms.common.dto.Icon">
  <void property="labelCn"><string>隐藏点</string></void>
  <void property="iconPathCn"><string>/images/topo/invisible_point.png</string></void>
  <void property="defaultIconPathCn"><string>/images/topo/invisible_point.png</string></void>
  <void property="cuid"><string>ICON-1121</string></void>
  <void property="systemLabelCn"><string>拓扑</string></void>
 </object>
 <object class="com.boco.transnms.common.dto.Icon">
  <void property="labelCn"><string>CTP点</string></void>
  <void property="iconPathCn"><string>/images/topo/ctp_point.png</string></void>
  <void property="defaultIconPathCn"><string>/images/topo/ctp_point.png</string></void>
  <void property="cuid"><string>ICON-1122</string></void>
  <void property="systemLabelCn"><string>拓扑</string></void>
 </object>
 <object class="com.boco.transnms.common.dto.Icon">
  <void property="labelCn"><string>2M终端</string></void>
  <void property="iconPathCn"><string>/images/topo/ctp_2M_end.png</string></void>
  <void property="defaultIconPathCn"><string>/images/topo/ctp_2M_end.png</string></void>
  <void property="cuid"><string>ICON-1123</string></void>
  <void property="systemLabelCn"><string>拓扑</string></void>
 </object>
 <object class="com.boco.transnms.common.dto.Icon">
  <void property="labelCn"><string>2M系统左转接</string></void>
  <void property="iconPathCn"><string>/images/topo/ctp_2M_in_left.png</string></void>
  <void property="defaultIconPathCn"><string>/images/topo/ctp_2M_in_left.png</string></void>
  <void property="cuid"><string>ICON-1125</string></void>
  <void property="systemLabelCn"><string>拓扑</string></void>
 </object>
 <object class="com.boco.transnms.common.dto.Icon">
  <void property="labelCn"><string>2M系统右转接</string></void>
  <void property="iconPathCn"><string>/images/topo/ctp_2M_in_right.png</string></void>
  <void property="defaultIconPathCn"><string>/images/topo/ctp_2M_in_right.png</string></void>
  <void property="cuid"><string>ICON-1126</string></void>
  <void property="systemLabelCn"><string>拓扑</string></void>
 </object>
 <object class="com.boco.transnms.common.dto.Icon">
  <void property="labelCn"><string>155M终端</string></void>
  <void property="iconPathCn"><string>/images/topo/ctp_155M_end.png</string></void>
  <void property="defaultIconPathCn"><string>/images/topo/ctp_155M_end.png</string></void>
  <void property="cuid"><string>ICON-1127</string></void>
  <void property="systemLabelCn"><string>拓扑</string></void>
 </object>
 <object class="com.boco.transnms.common.dto.Icon">
  <void property="labelCn"><string>155M系统左转接</string></void>
  <void property="iconPathCn"><string>/images/topo/ctp_155M_in_left.png</string></void>
  <void property="defaultIconPathCn"><string>/images/topo/ctp_155M_in_left.png</string></void>
  <void property="cuid"><string>ICON-1128</string></void>
  <void property="systemLabelCn"><string>拓扑</string></void>
 </object>
 <object class="com.boco.transnms.common.dto.Icon">
  <void property="labelCn"><string>155M系统右转接</string></void>
  <void property="iconPathCn"><string>/images/topo/ctp_155M_in_right.png</string></void>
  <void property="defaultIconPathCn"><string>/images/topo/ctp_155M_in_right.png</string></void>
  <void property="cuid"><string>ICON-1129</string></void>
  <void property="systemLabelCn"><string>拓扑</string></void>
 </object>
 <object class="com.boco.transnms.common.dto.Icon">
  <void property="labelCn"><string>设备内转接</string></void>
  <void property="iconPathCn"><string>/images/topo/ctp_dev_cross.png</string></void>
  <void property="defaultIconPathCn"><string>/images/topo/ctp_dev_cross.png</string></void>
  <void property="cuid"><string>ICON-1130</string></void>
  <void property="systemLabelCn"><string>拓扑</string></void>
 </object>
 <object class="com.boco.transnms.common.dto.Icon">
  <void property="labelCn"><string>机房</string></void>
  <void property="iconPathCn"><string>/images/area/Room.png</string></void>
  <void property="defaultIconPathCn"><string>/images/area/Room.png</string></void>
  <void property="cuid"><string>ICON-1002</string></void>
  <void property="systemLabelCn"><string>区域</string></void>
 </object>
 <object class="com.boco.transnms.common.dto.Icon">
  <void property="labelCn"><string>机架</string></void>
  <void property="iconPathCn"><string>/images/area/Rack.png</string></void>
  <void property="defaultIconPathCn"><string>/images/area/Rack.png</string></void>
  <void property="cuid"><string>ICON-1003</string></void>
  <void property="systemLabelCn"><string>区域</string></void>
 </object>
 <object class="com.boco.transnms.common.dto.Icon">
  <void property="labelCn"><string>坏系统</string></void>
  <void property="iconPathCn"><string>/images/area/Miscrack.png</string></void>
  <void property="defaultIconPathCn"><string>/images/area/Miscrack.png</string></void>
  <void property="cuid"><string>ICON-1004</string></void>
  <void property="systemLabelCn"><string>区域</string></void>
 </object>
 <object class="com.boco.transnms.common.dto.Icon">
  <void property="labelCn"><string>Ddf</string></void>
  <void property="iconPathCn"><string>/images/area/Ddf.png</string></void>
  <void property="defaultIconPathCn"><string>/images/area/Ddf.png</string></void>
  <void property="cuid"><string>ICON-1005</string></void>
  <void property="systemLabelCn"><string>区域</string></void>
 </object>
 <object class="com.boco.transnms.common.dto.Icon">
  <void property="labelCn"><string>Odf</string></void>
  <void property="iconPathCn"><string>/images/area/Odf.png</string></void>
  <void property="defaultIconPathCn"><string>/images/area/Odf.png</string></void>
  <void property="cuid"><string>ICON-1006</string></void>
  <void property="systemLabelCn"><string>区域</string></void>
 </object>
 <object class="com.boco.transnms.common.dto.Icon">
  <void property="labelCn"><string>架子</string></void>
  <void property="iconPathCn"><string>/images/area/Shelf.png</string></void>
  <void property="defaultIconPathCn"><string>/images/area/Shelf.png</string></void>
  <void property="cuid"><string>ICON-1007</string></void>
  <void property="systemLabelCn"><string>区域</string></void>
 </object>
 <object class="com.boco.transnms.common.dto.Icon">
  <void property="labelCn"><string>未建设完成</string></void>
  <void property="iconPathCn"><string>/images/area/Unkown.png</string></void>
  <void property="defaultIconPathCn"><string>/images/area/Unkown.png</string></void>
  <void property="cuid"><string>ICON-1008</string></void>
  <void property="systemLabelCn"><string>区域</string></void>
 </object>
 <object class="com.boco.transnms.common.dto.Icon">
  <void property="labelCn"><string>区域标识</string></void>
  <void property="iconPathCn"><string>/images/dm/District.gif</string></void>
  <void property="defaultIconPathCn"><string>/images/dm/District.gif</string></void>
  <void property="cuid"><string>ICON-2001</string></void>
  <void property="systemLabelCn"><string>区域</string></void>
 </object>
 <object class="com.boco.transnms.common.dto.Icon">
  <void property="labelCn"><string>管线</string></void>
  <void property="iconPathCn"><string>/images/dm/squarehole.png</string></void>
  <void property="defaultIconPathCn"><string>/images/dm/squarehole.png</string></void>
  <void property="cuid"><string>ICON-2201</string></void>
  <void property="systemLabelCn"><string>管线</string></void>
 </object>
 <object class="com.boco.transnms.common.dto.Icon">
  <void property="labelCn"><string>管孔</string></void>
  <void property="iconPathCn"><string>/images/dm/roundhole.png</string></void>
  <void property="defaultIconPathCn"><string>/images/dm/roundhole.png</string></void>
  <void property="cuid"><string>ICON-2202</string></void>
  <void property="systemLabelCn"><string>管线</string></void>
 </object>
 <object class="com.boco.transnms.common.dto.Icon">
  <void property="labelCn"><string>子孔</string></void>
  <void property="iconPathCn"><string>/images/dm/childhole.png</string></void>
  <void property="defaultIconPathCn"><string>/images/dm/childhole.png</string></void>
  <void property="cuid"><string>ICON-2203</string></void>
  <void property="systemLabelCn"><string>管线</string></void>
 </object>
 <object class="com.boco.transnms.common.dto.Icon">
  <void property="labelCn"><string>保存</string></void>
  <void property="iconPathCn"><string>/images/dm/save.gif</string></void>
  <void property="defaultIconPathCn"><string>/images/dm/save.gif</string></void>
  <void property="cuid"><string>ICON-2204</string></void>
  <void property="systemLabelCn"><string>管线</string></void>
 </object>
 <object class="com.boco.transnms.common.dto.Icon">
  <void property="labelCn"><string>导出</string></void>
  <void property="iconPathCn"><string>/images/dm/output.gif</string></void>
  <void property="defaultIconPathCn"><string>/images/dm/output.gif</string></void>
  <void property="cuid"><string>ICON-2205</string></void>
  <void property="systemLabelCn"><string>管线</string></void>
 </object>
 <object class="com.boco.transnms.common.dto.Icon">
  <void property="labelCn"><string>字体</string></void>
  <void property="iconPathCn"><string>/images/dm/character.png</string></void>
  <void property="defaultIconPathCn"><string>/images/dm/character.png</string></void>
  <void property="cuid"><string>ICON-2206</string></void>
  <void property="systemLabelCn"><string>管线</string></void>
 </object>
 <object class="com.boco.transnms.common.dto.Icon">
  <void property="labelCn"><string>A</string></void>
  <void property="iconPathCn"><string>/images/dm/direction.gif</string></void>
  <void property="defaultIconPathCn"><string>/images/dm/direction.gif</string></void>
  <void property="cuid"><string>ICON-2207</string></void>
  <void property="systemLabelCn"><string>管线</string></void>
 </object>
 <object class="com.boco.transnms.common.dto.Icon">
  <void property="labelCn"><string>拖动</string></void>
  <void property="iconPathCn"><string>/images/dm/drag.png</string></void>
  <void property="defaultIconPathCn"><string>/images/dm/drag.png</string></void>
  <void property="cuid"><string>ICON-2208</string></void>
  <void property="systemLabelCn"><string>管线</string></void>
 </object>
 <object class="com.boco.transnms.common.dto.Icon">
  <void property="labelCn"><string>光交接箱</string></void>
  <void property="iconPathCn"><string>/images/dm/FiberCab.gif</string></void>
  <void property="defaultIconPathCn"><string>/images/dm/FiberCab.gif</string></void>
  <void property="cuid"><string>ICON-2209</string></void>
  <void property="systemLabelCn"><string>管线</string></void>
 </object>
 <object class="com.boco.transnms.common.dto.Icon">
  <void property="labelCn"><string>光分纤箱</string></void>
  <void property="iconPathCn"><string>/images/dm/FiberDp.gif</string></void>
  <void property="defaultIconPathCn"><string>/images/dm/FiberDp.gif</string></void>
  <void property="cuid"><string>ICON-2210</string></void>
  <void property="systemLabelCn"><string>管线</string></void>
 </object>
 <object class="com.boco.transnms.common.dto.Icon">
  <void property="labelCn"><string>拐点</string></void>
  <void property="iconPathCn"><string>/images/dm/Inflexion.gif</string></void>
  <void property="defaultIconPathCn"><string>/images/dm/Inflexion.gif</string></void>
  <void property="cuid"><string>ICON-2211</string></void>
  <void property="systemLabelCn"><string>管线</string></void>
 </object>
 <object class="com.boco.transnms.common.dto.Icon">
  <void property="labelCn"><string>固定连接</string></void>
  <void property="iconPathCn"><string>/images/dm/fixed.png</string></void>
  <void property="defaultIconPathCn"><string>/images/dm/fixed.png</string></void>
  <void property="cuid"><string>ICON-2212</string></void>
  <void property="systemLabelCn"><string>管线</string></void>
 </object>
 <object class="com.boco.transnms.common.dto.Icon">
  <void property="labelCn"><string>非固定连接</string></void>
  <void property="iconPathCn"><string>/images/dm/isfixed.gif</string></void>
  <void property="defaultIconPathCn"><string>/images/dm/isfixed.gif</string></void>
  <void property="cuid"><string>ICON-2213</string></void>
  <void property="systemLabelCn"><string>管线</string></void>
 </object>
 <object class="com.boco.transnms.common.dto.Icon">
  <void property="labelCn"><string>接头盒</string></void>
  <void property="iconPathCn"><string>/images/dm/JointBox.gif</string></void>
  <void property="defaultIconPathCn"><string>/images/dm/JointBox.gif</string></void>
  <void property="cuid"><string>ICON-2214</string></void>
  <void property="systemLabelCn"><string>管线</string></void>
 </object>
 <object class="com.boco.transnms.common.dto.Icon">
  <void property="labelCn"><string>前进</string></void>
  <void property="iconPathCn"><string>/images/dm/l.png</string></void>
  <void property="defaultIconPathCn"><string>/images/dm/l.png</string></void>
  <void property="cuid"><string>ICON-2215</string></void>
  <void property="systemLabelCn"><string>管线</string></void>
 </object>
 <object class="com.boco.transnms.common.dto.Icon">
  <void property="labelCn"><string>人手井</string></void>
  <void property="iconPathCn"><string>/images/dm/Manhle.gif</string></void>
  <void property="defaultIconPathCn"><string>/images/dm/Manhle.gif</string></void>
  <void property="cuid"><string>ICON-2216</string></void>
  <void property="systemLabelCn"><string>管线</string></void>
 </object>
 <object class="com.boco.transnms.common.dto.Icon">
  <void property="labelCn"><string>打开xml</string></void>
  <void property="iconPathCn"><string>/images/dm/openxml.png</string></void>
  <void property="defaultIconPathCn"><string>/images/dm/openxml.png</string></void>
  <void property="cuid"><string>ICON-2217</string></void>
  <void property="systemLabelCn"><string>管线</string></void>
 </object>
 <object class="com.boco.transnms.common.dto.Icon">
  <void property="labelCn"><string>电杆</string></void>
  <void property="iconPathCn"><string>/images/dm/Pole.gif</string></void>
  <void property="defaultIconPathCn"><string>/images/dm/Pole.gif</string></void>
  <void property="cuid"><string>ICON-2218</string></void>
  <void property="systemLabelCn"><string>管线</string></void>
 </object>
 <object class="com.boco.transnms.common.dto.Icon">
  <void property="labelCn"><string>导出</string></void>
  <void property="iconPathCn"><string>/images/dm/output.gif</string></void>
  <void property="defaultIconPathCn"><string>/images/dm/output.gif</string></void>
  <void property="cuid"><string>ICON-2219</string></void>
  <void property="systemLabelCn"><string>管线</string></void>
 </object>
 <object class="com.boco.transnms.common.dto.Icon">
  <void property="labelCn"><string>必输项</string></void>
  <void property="iconPathCn"><string>/images/dm/primary.png</string></void>
  <void property="defaultIconPathCn"><string>/images/dm/primary.png</string></void>
  <void property="cuid"><string>ICON-2220</string></void>
  <void property="systemLabelCn"><string>管线</string></void>
 </object>
 <object class="com.boco.transnms.common.dto.Icon">
  <void property="labelCn"><string>后退</string></void>
  <void property="iconPathCn"><string>/images/dm/r.png</string></void>
  <void property="defaultIconPathCn"><string>/images/dm/r.png</string></void>
  <void property="cuid"><string>ICON-2221</string></void>
  <void property="systemLabelCn"><string>管线</string></void>
 </object>
 <object class="com.boco.transnms.common.dto.Icon">
  <void property="labelCn"><string>刷新</string></void>
  <void property="iconPathCn"><string>/images/dm/refresh.png</string></void>
  <void property="defaultIconPathCn"><string>/images/dm/refresh.png</string></void>
  <void property="cuid"><string>ICON-2222</string></void>
  <void property="systemLabelCn"><string>管线</string></void>
 </object>
 <object class="com.boco.transnms.common.dto.Icon">
  <void property="labelCn"><string>复位</string></void>
  <void property="iconPathCn"><string>/images/dm/reset.png</string></void>
  <void property="defaultIconPathCn"><string>/images/dm/reset.png</string></void>
  <void property="cuid"><string>ICON-2223</string></void>
  <void property="systemLabelCn"><string>管线</string></void>
 </object>
 <object class="com.boco.transnms.common.dto.Icon">
  <void property="labelCn"><string>圆</string></void>
  <void property="iconPathCn"><string>/images/dm/round.png</string></void>
  <void property="defaultIconPathCn"><string>/images/dm/round.png</string></void>
  <void property="cuid"><string>ICON-2224</string></void>
  <void property="systemLabelCn"><string>管线</string></void>
 </object>
 <object class="com.boco.transnms.common.dto.Icon">
  <void property="labelCn"><string>管孔</string></void>
  <void property="iconPathCn"><string>/images/dm/roundhole.png</string></void>
  <void property="defaultIconPathCn"><string>/images/dm/roundhole.png</string></void>
  <void property="cuid"><string>ICON-2225</string></void>
  <void property="systemLabelCn"><string>管线</string></void>
 </object>
 <object class="com.boco.transnms.common.dto.Icon">
  <void property="labelCn"><string>保存</string></void>
  <void property="iconPathCn"><string>/images/dm/save.gif</string></void>
  <void property="defaultIconPathCn"><string>/images/dm/save.gif</string></void>
  <void property="cuid"><string>ICON-2226</string></void>
  <void property="systemLabelCn"><string>管线</string></void>
 </object>
 <object class="com.boco.transnms.common.dto.Icon">
  <void property="labelCn"><string>保存</string></void>
  <void property="iconPathCn"><string>/images/dm/save.png</string></void>
  <void property="defaultIconPathCn"><string>/images/dm/save.png</string></void>
  <void property="cuid"><string>ICON-2227</string></void>
  <void property="systemLabelCn"><string>管线</string></void>
 </object>
 <object class="com.boco.transnms.common.dto.Icon">
  <void property="labelCn"><string>保存xml</string></void>
  <void property="iconPathCn"><string>/images/dm/savexml.png</string></void>
  <void property="defaultIconPathCn"><string>/images/dm/savexml.png</string></void>
  <void property="cuid"><string>ICON-2228</string></void>
  <void property="systemLabelCn"><string>管线</string></void>
 </object>
 <object class="com.boco.transnms.common.dto.Icon">
  <void property="labelCn"><string>站点</string></void>
  <void property="iconPathCn"><string>/images/dm/Site.gif</string></void>
  <void property="defaultIconPathCn"><string>/images/dm/Site.gif</string></void>
  <void property="cuid"><string>ICON-2229</string></void>
  <void property="systemLabelCn"><string>区域</string></void>
 </object>
 <object class="com.boco.transnms.common.dto.Icon">
  <void property="labelCn"><string>正方形</string></void>
  <void property="iconPathCn"><string>/images/dm/square.png</string></void>
  <void property="defaultIconPathCn"><string>/images/dm/square.png</string></void>
  <void property="cuid"><string>ICON-2230</string></void>
  <void property="systemLabelCn"><string>管线</string></void>
 </object>
 <object class="com.boco.transnms.common.dto.Icon">
  <void property="labelCn"><string>方孔</string></void>
  <void property="iconPathCn"><string>/images/dm/squarehole.png</string></void>
  <void property="defaultIconPathCn"><string>/images/dm/squarehole.png</string></void>
  <void property="cuid"><string>ICON-2231</string></void>
  <void property="systemLabelCn"><string>管线</string></void>
 </object>
 <object class="com.boco.transnms.common.dto.Icon">
  <void property="labelCn"><string>标石</string></void>
  <void property="iconPathCn"><string>/images/dm/Stone.gif</string></void>
  <void property="defaultIconPathCn"><string>/images/dm/Stone.gif</string></void>
  <void property="cuid"><string>ICON-2232</string></void>
  <void property="systemLabelCn"><string>管线</string></void>
 </object>
 <object class="com.boco.transnms.common.dto.Icon">
  <void property="labelCn"><string>管道系统</string></void>
  <void property="iconPathCn"><string>/images/dm/toolbar/DuctSystem.gif</string></void>
  <void property="defaultIconPathCn"><string>/images/dm/toolbar/DuctSystem.gif</string></void>
  <void property="cuid"><string>ICON-2233</string></void>
  <void property="systemLabelCn"><string>工具箱</string></void>
 </object>
 <object class="com.boco.transnms.common.dto.Icon">
  <void property="labelCn"><string>光交接箱</string></void>
  <void property="iconPathCn"><string>/images/dm/toolbar/FiberCab.gif</string></void>
  <void property="defaultIconPathCn"><string>/images/dm/toolbar/FiberCab.gif</string></void>
  <void property="cuid"><string>ICON-2234</string></void>
  <void property="systemLabelCn"><string>工具箱</string></void>
 </object>
 <object class="com.boco.transnms.common.dto.Icon">
  <void property="labelCn"><string>光分纤箱</string></void>
  <void property="iconPathCn"><string>/images/dm/toolbar/FiberDp.gif</string></void>
  <void property="defaultIconPathCn"><string>/images/dm/toolbar/FiberDp.gif</string></void>
  <void property="cuid"><string>ICON-2235</string></void>
  <void property="systemLabelCn"><string>工具箱</string></void>
 </object>
 <object class="com.boco.transnms.common.dto.Icon">
  <void property="labelCn"><string>光接头盒</string></void>
  <void property="iconPathCn"><string>/images/dm/toolbar/FiberJointBox.gif</string></void>
  <void property="defaultIconPathCn"><string>/images/dm/toolbar/FiberJointBox.gif</string></void>
  <void property="cuid"><string>ICON-2236</string></void>
  <void property="systemLabelCn"><string>工具箱</string></void>
 </object>
 <object class="com.boco.transnms.common.dto.Icon">
  <void property="labelCn"><string>拐点</string></void>
  <void property="iconPathCn"><string>/images/dm/toolbar/Inflexion.gif</string></void>
  <void property="defaultIconPathCn"><string>/images/dm/toolbar/Inflexion.gif</string></void>
  <void property="cuid"><string>ICON-2237</string></void>
  <void property="systemLabelCn"><string>工具箱</string></void>
 </object>
 <object class="com.boco.transnms.common.dto.Icon">
  <void property="labelCn"><string>长度</string></void>
  <void property="iconPathCn"><string>/images/dm/toolbar/Lenged.gif</string></void>
  <void property="defaultIconPathCn"><string>/images/dm/toolbar/Lenged.gif</string></void>
  <void property="cuid"><string>ICON-2238</string></void>
  <void property="systemLabelCn"><string>工具箱</string></void>
 </object>
 <object class="com.boco.transnms.common.dto.Icon">
  <void property="labelCn"><string>定位光交接箱</string></void>
  <void property="iconPathCn"><string>/images/dm/toolbar/LocateFiberCab.gif</string></void>
  <void property="defaultIconPathCn"><string>/images/dm/toolbar/LocateFiberCab.gif</string></void>
  <void property="cuid"><string>ICON-2239</string></void>
  <void property="systemLabelCn"><string>工具箱</string></void>
 </object>
 <object class="com.boco.transnms.common.dto.Icon">
  <void property="labelCn"><string>定位光分纤箱</string></void>
  <void property="iconPathCn"><string>/images/dm/toolbar/LocateFiberDp.gif</string></void>
  <void property="defaultIconPathCn"><string>/images/dm/toolbar/LocateFiberDp.gif</string></void>
  <void property="cuid"><string>ICON-2240</string></void>
  <void property="systemLabelCn"><string>工具箱</string></void>
 </object>
 <object class="com.boco.transnms.common.dto.Icon">
  <void property="labelCn"><string>定位拐点</string></void>
  <void property="iconPathCn"><string>/images/dm/toolbar/LocateInflexion.gif</string></void>
  <void property="defaultIconPathCn"><string>/images/dm/toolbar/LocateInflexion.gif</string></void>
  <void property="cuid"><string>ICON-2241</string></void>
  <void property="systemLabelCn"><string>工具箱</string></void>
 </object>
 <object class="com.boco.transnms.common.dto.Icon">
  <void property="labelCn"><string>定位人手井</string></void>
  <void property="iconPathCn"><string>/images/dm/toolbar/LocateManhle.gif</string></void>
  <void property="defaultIconPathCn"><string>/images/dm/toolbar/LocateManhle.gif</string></void>
  <void property="cuid"><string>ICON-2242</string></void>
  <void property="systemLabelCn"><string>工具箱</string></void>
 </object>
 <object class="com.boco.transnms.common.dto.Icon">
  <void property="labelCn"><string>定位电杆</string></void>
  <void property="iconPathCn"><string>/images/dm/toolbar/LocatePole.gif</string></void>
  <void property="defaultIconPathCn"><string>/images/dm/toolbar/LocatePole.gif</string></void>
  <void property="cuid"><string>ICON-2243</string></void>
  <void property="systemLabelCn"><string>工具箱</string></void>
 </object>
 <object class="com.boco.transnms.common.dto.Icon">
  <void property="labelCn"><string>定位地址</string></void>
  <void property="iconPathCn"><string>/images/dm/toolbar/LocateSite.gif</string></void>
  <void property="defaultIconPathCn"><string>/images/dm/toolbar/LocateSite.gif</string></void>
  <void property="cuid"><string>ICON-2244</string></void>
  <void property="systemLabelCn"><string>工具箱</string></void>
 </object>
 <object class="com.boco.transnms.common.dto.Icon">
  <void property="labelCn"><string>定位标石</string></void>
  <void property="iconPathCn"><string>/images/dm/toolbar/LocateStone.gif</string></void>
  <void property="defaultIconPathCn"><string>/images/dm/toolbar/LocateStone.gif</string></void>
  <void property="cuid"><string>ICON-2245</string></void>
  <void property="systemLabelCn"><string>工具箱</string></void>
 </object>
 <object class="com.boco.transnms.common.dto.Icon">
  <void property="labelCn"><string>人手井</string></void>
  <void property="iconPathCn"><string>/images/dm/toolbar/Manhle.gif</string></void>
  <void property="defaultIconPathCn"><string>/images/dm/toolbar/Manhle.gif</string></void>
  <void property="cuid"><string>ICON-2246</string></void>
  <void property="systemLabelCn"><string>工具箱</string></void>
 </object>
 <object class="com.boco.transnms.common.dto.Icon">
  <void property="labelCn"><string>地图加载</string></void>
  <void property="iconPathCn"><string>/images/dm/toolbar/MapLayer.gif</string></void>
  <void property="defaultIconPathCn"><string>/images/dm/toolbar/MapLayer.gif</string></void>
  <void property="cuid"><string>ICON-2247</string></void>
  <void property="systemLabelCn"><string>工具箱</string></void>
 </object>
 <object class="com.boco.transnms.common.dto.Icon">
  <void property="labelCn"><string>移动</string></void>
  <void property="iconPathCn"><string>/images/dm/toolbar/Move.gif</string></void>
  <void property="defaultIconPathCn"><string>/images/dm/toolbar/Move.gif</string></void>
  <void property="cuid"><string>ICON-2248</string></void>
  <void property="systemLabelCn"><string>工具箱</string></void>
 </object>
 <object class="com.boco.transnms.common.dto.Icon">
  <void property="labelCn"><string>浏览</string></void>
  <void property="iconPathCn"><string>/images/dm/toolbar/Navigator.gif</string></void>
  <void property="defaultIconPathCn"><string>/images/dm/toolbar/Navigator.gif</string></void>
  <void property="cuid"><string>ICON-2249</string></void>
  <void property="systemLabelCn"><string>工具箱</string></void>
 </object>
 <object class="com.boco.transnms.common.dto.Icon">
  <void property="labelCn"><string>上层视图</string></void>
  <void property="iconPathCn"><string>/images/dm/toolbar/Overview.gif</string></void>
  <void property="defaultIconPathCn"><string>/images/dm/toolbar/Overview.gif</string></void>
  <void property="cuid"><string>ICON-2250</string></void>
  <void property="systemLabelCn"><string>工具箱</string></void>
 </object>
 <object class="com.boco.transnms.common.dto.Icon">
  <void property="labelCn"><string>面板</string></void>
  <void property="iconPathCn"><string>/images/dm/toolbar/Pan.gif</string></void>
  <void property="defaultIconPathCn"><string>/images/dm/toolbar/Pan.gif</string></void>
  <void property="cuid"><string>ICON-2251</string></void>
  <void property="systemLabelCn"><string>工具箱</string></void>
 </object>
 <object class="com.boco.transnms.common.dto.Icon">
  <void property="labelCn"><string>电杆</string></void>
  <void property="iconPathCn"><string>/images/dm/toolbar/Pole.gif</string></void>
  <void property="defaultIconPathCn"><string>/images/dm/toolbar/Pole.gif</string></void>
  <void property="cuid"><string>ICON-2252</string></void>
  <void property="systemLabelCn"><string>工具箱</string></void>
 </object>
 <object class="com.boco.transnms.common.dto.Icon">
  <void property="labelCn"><string>杆路系统</string></void>
  <void property="iconPathCn"><string>/images/dm/toolbar/PolewaySystem.gif</string></void>
  <void property="defaultIconPathCn"><string>/images/dm/toolbar/PolewaySystem.gif</string></void>
  <void property="cuid"><string>ICON-2253</string></void>
  <void property="systemLabelCn"><string>工具箱</string></void>
 </object>
 <object class="com.boco.transnms.common.dto.Icon">
  <void property="labelCn"><string>重置地图</string></void>
  <void property="iconPathCn"><string>/images/dm/toolbar/ResetMap.gif</string></void>
  <void property="defaultIconPathCn"><string>/images/dm/toolbar/ResetMap.gif</string></void>
  <void property="cuid"><string>ICON-2254</string></void>
  <void property="systemLabelCn"><string>工具箱</string></void>
 </object>
 <object class="com.boco.transnms.common.dto.Icon">
  <void property="labelCn"><string>选定</string></void>
  <void property="iconPathCn"><string>/images/dm/toolbar/Select.gif</string></void>
  <void property="defaultIconPathCn"><string>/images/dm/toolbar/Select.gif</string></void>
  <void property="cuid"><string>ICON-2255</string></void>
  <void property="systemLabelCn"><string>工具箱</string></void>
 </object>
 <object class="com.boco.transnms.common.dto.Icon">
  <void property="labelCn"><string>标石</string></void>
  <void property="iconPathCn"><string>/images/dm/toolbar/Stone.gif</string></void>
  <void property="defaultIconPathCn"><string>/images/dm/toolbar/Stone.gif</string></void>
  <void property="cuid"><string>ICON-2256</string></void>
  <void property="systemLabelCn"><string>工具箱</string></void>
 </object>
 <object class="com.boco.transnms.common.dto.Icon">
  <void property="labelCn"><string>标石系统</string></void>
  <void property="iconPathCn"><string>/images/dm/toolbar/StonewaySystem.gif</string></void>
  <void property="defaultIconPathCn"><string>/images/dm/toolbar/StonewaySystem.gif</string></void>
  <void property="cuid"><string>ICON-2257</string></void>
  <void property="systemLabelCn"><string>工具箱</string></void>
 </object>
 <object class="com.boco.transnms.common.dto.Icon">
  <void property="labelCn"><string>上行线路</string></void>
  <void property="iconPathCn"><string>/images/dm/toolbar/UpLine.gif</string></void>
  <void property="defaultIconPathCn"><string>/images/dm/toolbar/UpLine.gif</string></void>
  <void property="cuid"><string>ICON-2258</string></void>
  <void property="systemLabelCn"><string>工具箱</string></void>
 </object>
 <object class="com.boco.transnms.common.dto.Icon">
  <void property="labelCn"><string>光缆系统</string></void>
  <void property="iconPathCn"><string>/images/dm/toolbar/WireSystem.gif</string></void>
  <void property="defaultIconPathCn"><string>/images/dm/toolbar/WireSystem.gif</string></void>
  <void property="cuid"><string>ICON-2259</string></void>
  <void property="systemLabelCn"><string>工具箱</string></void>
 </object>
 <object class="com.boco.transnms.common.dto.Icon">
  <void property="labelCn"><string>放大</string></void>
  <void property="iconPathCn"><string>/images/dm/toolbar/ZoomIn.gif</string></void>
  <void property="defaultIconPathCn"><string>/images/dm/toolbar/ZoomIn.gif</string></void>
  <void property="cuid"><string>ICON-2260</string></void>
  <void property="systemLabelCn"><string>工具箱</string></void>
 </object>
 <object class="com.boco.transnms.common.dto.Icon">
  <void property="labelCn"><string>缩小</string></void>
  <void property="iconPathCn"><string>/images/dm/toolbar/ZoomOut.gif</string></void>
  <void property="defaultIconPathCn"><string>/images/dm/toolbar/ZoomOut.gif</string></void>
  <void property="cuid"><string>ICON-2261</string></void>
  <void property="systemLabelCn"><string>工具箱</string></void>
 </object>
 <object class="com.boco.transnms.common.dto.Icon">
  <void property="labelCn"><string>定位光接头盒</string></void>
  <void property="iconPathCn"><string>/images/dm/toolbar/LocateFiberJointBox.gif</string></void>
  <void property="defaultIconPathCn"><string>/images/dm/toolbar/LocateFiberJointBox.gif</string></void>
  <void property="cuid"><string>ICON-2262</string></void>
  <void property="systemLabelCn"><string>工具箱</string></void>
 </object>
 <object class="com.boco.transnms.common.dto.Icon">
  <void property="labelCn"><string>挂墙</string></void>
  <void property="iconPathCn"><string>/images/dm/toolbar/HangWall.gif</string></void>
  <void property="defaultIconPathCn"><string>/images/dm/toolbar/HangWall.gif</string></void>
  <void property="cuid"><string>ICON-2263</string></void>
  <void property="systemLabelCn"><string>工具箱</string></void>
 </object>
 <object class="com.boco.transnms.common.dto.Icon">
  <void property="labelCn"><string>排列按钮</string></void>
  <void property="iconPathCn"><string>/images/draw/alignbottom.gif</string></void>
  <void property="defaultIconPathCn"><string>/images/draw/alignbottom.gif</string></void>
  <void property="cuid"><string>ICON-2101</string></void>
  <void property="systemLabelCn"><string>画图</string></void>
 </object>
 <object class="com.boco.transnms.common.dto.Icon">
  <void property="labelCn"><string>居中排列</string></void>
  <void property="iconPathCn"><string>/images/draw/aligncenter.gif</string></void>
  <void property="defaultIconPathCn"><string>/images/draw/aligncenter.gif</string></void>
  <void property="cuid"><string>ICON-2102</string></void>
  <void property="systemLabelCn"><string>画图</string></void>
 </object>
 <object class="com.boco.transnms.common.dto.Icon">
  <void property="labelCn"><string>对准排列</string></void>
  <void property="iconPathCn"><string>/images/draw/alignhoravg.gif</string></void>
  <void property="defaultIconPathCn"><string>/images/draw/alignhoravg.gif</string></void>
  <void property="cuid"><string>ICON-2103</string></void>
  <void property="systemLabelCn"><string>画图</string></void>
 </object>
 <object class="com.boco.transnms.common.dto.Icon">
  <void property="labelCn"><string>左排列</string></void>
  <void property="iconPathCn"><string>/images/draw/alignleft.gif</string></void>
  <void property="defaultIconPathCn"><string>/images/draw/alignleft.gif</string></void>
  <void property="cuid"><string>ICON-2104</string></void>
  <void property="systemLabelCn"><string>画图</string></void>
 </object>
 <object class="com.boco.transnms.common.dto.Icon">
  <void property="labelCn"><string>当中排列</string></void>
  <void property="iconPathCn"><string>/images/draw/alignmiddle.gif</string></void>
  <void property="defaultIconPathCn"><string>/images/draw/alignmiddle.gif</string></void>
  <void property="cuid"><string>ICON-2105</string></void>
  <void property="systemLabelCn"><string>画图</string></void>
 </object>
 <object class="com.boco.transnms.common.dto.Icon">
  <void property="labelCn"><string>右排列</string></void>
  <void property="iconPathCn"><string>/images/draw/alignright.gif</string></void>
  <void property="defaultIconPathCn"><string>/images/draw/alignright.gif</string></void>
  <void property="cuid"><string>ICON-2106</string></void>
  <void property="systemLabelCn"><string>画图</string></void>
 </object>
 <object class="com.boco.transnms.common.dto.Icon">
  <void property="labelCn"><string>向上排列</string></void>
  <void property="iconPathCn"><string>/images/draw/aligntop.gif</string></void>
  <void property="defaultIconPathCn"><string>/images/draw/aligntop.gif</string></void>
  <void property="cuid"><string>ICON-2107</string></void>
  <void property="systemLabelCn"><string>画图</string></void>
 </object>
 <object class="com.boco.transnms.common.dto.Icon">
  <void property="labelCn"><string>动作排列</string></void>
  <void property="iconPathCn"><string>/images/draw/alignveravg.gif</string></void>
  <void property="defaultIconPathCn"><string>/images/draw/alignveravg.gif</string></void>
  <void property="cuid"><string>ICON-2108</string></void>
  <void property="systemLabelCn"><string>画图</string></void>
 </object>
 <object class="com.boco.transnms.common.dto.Icon">
  <void property="labelCn"><string>字体</string></void>
  <void property="iconPathCn"><string>/images/draw/character.gif</string></void>
  <void property="defaultIconPathCn"><string>/images/draw/character.gif</string></void>
  <void property="cuid"><string>ICON-2109</string></void>
  <void property="systemLabelCn"><string>画图</string></void>
 </object>
 <object class="com.boco.transnms.common.dto.Icon">
  <void property="labelCn"><string>控制排列</string></void>
  <void property="iconPathCn"><string>/images/draw/cubiccurve.gif</string></void>
  <void property="defaultIconPathCn"><string>/images/draw/cubiccurve.gif</string></void>
  <void property="cuid"><string>ICON-2110</string></void>
  <void property="systemLabelCn"><string>画图</string></void>
 </object>
 <object class="com.boco.transnms.common.dto.Icon">
  <void property="labelCn"><string>线</string></void>
  <void property="iconPathCn"><string>/images/draw/line.gif</string></void>
  <void property="defaultIconPathCn"><string>/images/draw/line.gif</string></void>
  <void property="cuid"><string>ICON-2111</string></void>
  <void property="systemLabelCn"><string>画图</string></void>
 </object>
 <object class="com.boco.transnms.common.dto.Icon">
  <void property="labelCn"><string>多边形</string></void>
  <void property="iconPathCn"><string>/images/draw/polygon.gif</string></void>
  <void property="defaultIconPathCn"><string>/images/draw/polygon.gif</string></void>
  <void property="cuid"><string>ICON-2112</string></void>
  <void property="systemLabelCn"><string>画图</string></void>
 </object>
 <object class="com.boco.transnms.common.dto.Icon">
  <void property="labelCn"><string>多孔衬套</string></void>
  <void property="iconPathCn"><string>/images/draw/polyline.gif</string></void>
  <void property="defaultIconPathCn"><string>/images/draw/polyline.gif</string></void>
  <void property="cuid"><string>ICON-2113</string></void>
  <void property="systemLabelCn"><string>画图</string></void>
 </object>
 <object class="com.boco.transnms.common.dto.Icon">
  <void property="labelCn"><string>四边形</string></void>
  <void property="iconPathCn"><string>/images/draw/quadcurve.gif</string></void>
  <void property="defaultIconPathCn"><string>/images/draw/quadcurve.gif</string></void>
  <void property="cuid"><string>ICON-2114</string></void>
  <void property="systemLabelCn"><string>画图</string></void>
 </object>
 <object class="com.boco.transnms.common.dto.Icon">
  <void property="labelCn"><string>长方形</string></void>
  <void property="iconPathCn"><string>/images/draw/rectangle.gif</string></void>
  <void property="defaultIconPathCn"><string>/images/draw/rectangle.gif</string></void>
  <void property="cuid"><string>ICON-2115</string></void>
  <void property="systemLabelCn"><string>画图</string></void>
 </object>
 <object class="com.boco.transnms.common.dto.Icon">
  <void property="labelCn"><string>圆形</string></void>
  <void property="iconPathCn"><string>/images/draw/round.gif</string></void>
  <void property="defaultIconPathCn"><string>/images/draw/round.gif</string></void>
  <void property="cuid"><string>ICON-2116</string></void>
  <void property="systemLabelCn"><string>画图</string></void>
 </object>
 <object class="com.boco.transnms.common.dto.Icon">
  <void property="labelCn"><string>相同高度</string></void>
  <void property="iconPathCn"><string>/images/draw/sameheight.gif</string></void>
  <void property="defaultIconPathCn"><string>/images/draw/sameheight.gif</string></void>
  <void property="cuid"><string>ICON-2117</string></void>
  <void property="systemLabelCn"><string>画图</string></void>
 </object>
 <object class="com.boco.transnms.common.dto.Icon">
  <void property="labelCn"><string>相同宽度</string></void>
  <void property="iconPathCn"><string>/images/draw/samewidth.gif</string></void>
  <void property="defaultIconPathCn"><string>/images/draw/samewidth.gif</string></void>
  <void property="cuid"><string>ICON-2118</string></void>
  <void property="systemLabelCn"><string>画图</string></void>
 </object>
 <object class="com.boco.transnms.common.dto.Icon">
  <void property="labelCn"><string>扇形</string></void>
  <void property="iconPathCn"><string>/images/draw/sector.gif</string></void>
  <void property="defaultIconPathCn"><string>/images/draw/sector.gif</string></void>
  <void property="cuid"><string>ICON-2119</string></void>
  <void property="systemLabelCn"><string>画图</string></void>
 </object>
 <object class="com.boco.transnms.common.dto.Icon">
  <void property="labelCn"><string>地基</string></void>
  <void property="iconPathCn"><string>/images/draw/tofront.gif</string></void>
  <void property="defaultIconPathCn"><string>/images/draw/tofront.gif</string></void>
  <void property="cuid"><string>ICON-2120</string></void>
  <void property="systemLabelCn"><string>画图</string></void>
 </object>
 <object class="com.boco.transnms.common.dto.Icon">
  <void property="labelCn"><string>到背后</string></void>
  <void property="iconPathCn"><string>/images/draw/toback.gif</string></void>
  <void property="defaultIconPathCn"><string>/images/draw/toback.gif</string></void>
  <void property="cuid"><string>ICON-2121</string></void>
  <void property="systemLabelCn"><string>画图</string></void>
 </object>
 <object class="com.boco.transnms.common.dto.Icon">
  <void property="labelCn"><string>预留点</string></void>
  <void property="iconPathCn"><string>/images/dm/SiteRemain.png</string></void>
  <void property="defaultIconPathCn"><string>/images/dm/SiteRemain.png</string></void>
  <void property="cuid"><string>ICON-1131</string></void>
  <void property="systemLabelCn"><string>拓扑</string></void>
 </object>
</java>
