<?xml version="1.0" encoding="UTF-8"?>
<java version="1.5.0_03" class="java.beans.XMLDecoder">
 <object class="com.boco.transnms.common.dto.SysUser">
      <void property="cuid"><string>SYS_USER-0</string></void>
      <void property="userName"><string>admin</string> </void>
      <void property="userPassword"><string>E2D67E846DB22276</string></void>
      <void property="trueName"><string>超级用户</string></void>
      <void property="emailAddress"> <string>admin@boco.com.cn</string></void>
      <void property="employeeId"><string>0</string></void>
      <void property="facsimile"><string> </string></void>
      <void property="mobilePhone"><string> </string></void>
      <void property="relatedDistrictCuid"><string>DISTRICT-00001</string></void>
      <void property="relatedOrganizationCuid"><string>0</string></void>
 </object>
</java>
