<?xml version="1.0" encoding="UTF-8"?>
<java version="1.5.0_03" class="java.beans.XMLDecoder">
 <object class="com.boco.transnms.common.dto.TemplateGroup">
  <void property="labelCn"><string>综合资源网元模板</string></void>
  <void property="relatedTemplateGroupCuid"><string>TEMPLATE_GROUP-1</string></void>
  <void property="createrName"><string>admin</string></void>
  <void property="remark"><string>综合资源网元模板</string></void>
  <void property="cuid"><string>TEMPLATE_GROUP-18</string></void>
  <void property="type"><long>10</long></void>
 </object> 
 </java>
