<?xml version="1.0" encoding="UTF-8"?>
<java version="1.5.0_03" class="java.beans.XMLDecoder">
<!--光缆-->
 <object class="com.boco.transnms.common.dto.LineColorCfg">
  <void property="lineType"><long>1</long></void>
  <void property="lineLevel"><long>0</long></void>
  <void property="colorValue"><long>-16764007</long></void>
  <void property="lineStyle"><long>1</long></void>
  <void property="lineWidth"><long>1</long></void>
  <void property="cuid"><string>LINE_COLOR_CFG-1001</string></void>
 </object>
 <object class="com.boco.transnms.common.dto.LineColorCfg">
  <void property="lineType"><long>1</long></void>
  <void property="lineLevel"><long>1</long></void>
  <void property="colorValue"><long>-16777012</long></void>
  <void property="lineStyle"><long>1</long></void>
  <void property="lineWidth"><long>2</long></void>
  <void property="cuid"><string>LINE_COLOR_CFG-1002</string></void>
 </object>
 <object class="com.boco.transnms.common.dto.LineColorCfg">
  <void property="lineType"><long>1</long></void>
  <void property="lineLevel"><long>2</long></void>
  <void property="colorValue"><long>-16776961</long></void>
  <void property="lineStyle"><long>1</long></void>
  <void property="lineWidth"><long>2</long></void>
  <void property="cuid"><string>LINE_COLOR_CFG-1003</string></void>
 </object>
 <object class="com.boco.transnms.common.dto.LineColorCfg">
  <void property="lineType"><long>1</long></void>
  <void property="lineLevel"><long>3</long></void>
  <void property="colorValue"><long>-13421569</long></void>
  <void property="lineStyle"><long>1</long></void>
  <void property="lineWidth"><long>2</long></void>
  <void property="cuid"><string>LINE_COLOR_CFG-1004</string></void>
 </object>
 <object class="com.boco.transnms.common.dto.LineColorCfg">
  <void property="lineType"><long>1</long></void>
  <void property="lineLevel"><long>4</long></void>
  <void property="colorValue"><long>-10066177</long></void>
  <void property="lineStyle"><long>1</long></void>
  <void property="lineWidth"><long>1</long></void>
  <void property="cuid"><string>LINE_COLOR_CFG-1005</string></void>
 </object>
 <object class="com.boco.transnms.common.dto.LineColorCfg">
  <void property="lineType"><long>1</long></void>
  <void property="lineLevel"><long>5</long></void>
  <void property="colorValue"><long>-6710785</long></void>
  <void property="lineStyle"><long>1</long></void>
  <void property="lineWidth"><long>1</long></void>
  <void property="cuid"><string>LINE_COLOR_CFG-1006</string></void>
 </object>

 <!--管道-->
 <object class="com.boco.transnms.common.dto.LineColorCfg">
  <void property="lineType"><long>2</long></void>
  <void property="lineLevel"><long>0</long></void>
  <void property="colorValue"><long>-6750208</long></void>
  <void property="lineStyle"><long>1</long></void>
  <void property="lineWidth"><long>1</long></void>
  <void property="cuid"><string>LINE_COLOR_CFG-2001</string></void>
 </object>
 <object class="com.boco.transnms.common.dto.LineColorCfg">
  <void property="lineType"><long>2</long></void>
  <void property="lineLevel"><long>1</long></void>
  <void property="colorValue"><long>-3407872</long></void>
  <void property="lineStyle"><long>1</long></void>
  <void property="lineWidth"><long>2</long></void>
  <void property="cuid"><string>LINE_COLOR_CFG-2002</string></void>
 </object>
 <object class="com.boco.transnms.common.dto.LineColorCfg">
  <void property="lineType"><long>2</long></void>
  <void property="lineLevel"><long>2</long></void>
  <void property="colorValue"><long>-65536</long></void>
  <void property="lineStyle"><long>1</long></void>
  <void property="lineWidth"><long>2</long></void>
  <void property="cuid"><string>LINE_COLOR_CFG-2003</string></void>
 </object>
 <object class="com.boco.transnms.common.dto.LineColorCfg">
  <void property="lineType"><long>2</long></void>
  <void property="lineLevel"><long>3</long></void>
  <void property="colorValue"><long>-52429</long></void>
  <void property="lineStyle"><long>1</long></void>
  <void property="lineWidth"><long>2</long></void>
  <void property="cuid"><string>LINE_COLOR_CFG-2004</string></void>
 </object>
 <object class="com.boco.transnms.common.dto.LineColorCfg">
  <void property="lineType"><long>2</long></void>
  <void property="lineLevel"><long>4</long></void>
  <void property="colorValue"><long>-39322</long></void>
  <void property="lineStyle"><long>1</long></void>
  <void property="lineWidth"><long>1</long></void>
  <void property="cuid"><string>LINE_COLOR_CFG-2005</string></void>
 </object>
 <object class="com.boco.transnms.common.dto.LineColorCfg">
  <void property="lineType"><long>2</long></void>
  <void property="lineLevel"><long>5</long></void>
  <void property="colorValue"><long>-26215</long></void>
  <void property="lineStyle"><long>1</long></void>
  <void property="lineWidth"><long>1</long></void>
  <void property="cuid"><string>LINE_COLOR_CFG-2006</string></void>
 </object>
 <!--杆路-->
 <object class="com.boco.transnms.common.dto.LineColorCfg">
  <void property="lineType"><long>3</long></void>
  <void property="lineLevel"><long>0</long></void>
  <void property="colorValue"><long>-16777216</long></void>
  <void property="lineStyle"><long>1</long></void>
  <void property="lineWidth"><long>1</long></void>
  <void property="cuid"><string>LINE_COLOR_CFG-3001</string></void>
 </object>
 <object class="com.boco.transnms.common.dto.LineColorCfg">
  <void property="lineType"><long>3</long></void>
  <void property="lineLevel"><long>1</long></void>
  <void property="colorValue"><long>-13421773</long></void>
  <void property="lineStyle"><long>1</long></void>
  <void property="lineWidth"><long>2</long></void>
  <void property="cuid"><string>LINE_COLOR_CFG-3002</string></void>
 </object>
 <object class="com.boco.transnms.common.dto.LineColorCfg">
  <void property="lineType"><long>3</long></void>
  <void property="lineLevel"><long>2</long></void>
  <void property="colorValue"><long>-10066330</long></void>
  <void property="lineStyle"><long>1</long></void>
  <void property="lineWidth"><long>2</long></void>
  <void property="cuid"><string>LINE_COLOR_CFG-3003</string></void>
 </object>
 <object class="com.boco.transnms.common.dto.LineColorCfg">
  <void property="lineType"><long>3</long></void>
  <void property="lineLevel"><long>3</long></void>
  <void property="colorValue"><long>-6710887</long></void>
  <void property="lineStyle"><long>1</long></void>
  <void property="lineWidth"><long>2</long></void>
  <void property="cuid"><string>LINE_COLOR_CFG-3004</string></void>
 </object>
 <object class="com.boco.transnms.common.dto.LineColorCfg">
  <void property="lineType"><long>3</long></void>
  <void property="lineLevel"><long>4</long></void>
  <void property="colorValue"><long>-5330005</long></void>
  <void property="lineStyle"><long>1</long></void>
  <void property="lineWidth"><long>1</long></void>
  <void property="cuid"><string>LINE_COLOR_CFG-3005</string></void>
 </object>
 <object class="com.boco.transnms.common.dto.LineColorCfg">
  <void property="lineType"><long>3</long></void>
  <void property="lineLevel"><long>5</long></void>
  <void property="colorValue"><long>-4539718</long></void>
  <void property="lineStyle"><long>1</long></void>
  <void property="lineWidth"><long>1</long></void>
  <void property="cuid"><string>LINE_COLOR_CFG-3006</string></void>
 </object>
 <!--标石路由-->
 <object class="com.boco.transnms.common.dto.LineColorCfg">
  <void property="lineType"><long>4</long></void>
  <void property="lineLevel"><long>0</long></void>
  <void property="colorValue"><long>-12505495</long></void>
  <void property="lineStyle"><long>1</long></void>
  <void property="lineWidth"><long>1</long></void>
  <void property="cuid"><string>LINE_COLOR_CFG-4001</string></void>
 </object>
 <object class="com.boco.transnms.common.dto.LineColorCfg">
  <void property="lineType"><long>4</long></void>
  <void property="lineLevel"><long>1</long></void>
  <void property="colorValue"><long>-11979913</long></void>
  <void property="lineStyle"><long>1</long></void>
  <void property="lineWidth"><long>2</long></void>
  <void property="cuid"><string>LINE_COLOR_CFG-4002</string></void>
 </object>
 <object class="com.boco.transnms.common.dto.LineColorCfg">
  <void property="lineType"><long>4</long></void>
  <void property="lineLevel"><long>2</long></void>
  <void property="colorValue"><long>-11256696</long></void>
  <void property="lineStyle"><long>1</long></void>
  <void property="lineWidth"><long>2</long></void>
  <void property="cuid"><string>LINE_COLOR_CFG-4003</string></void>
 </object>
 <object class="com.boco.transnms.common.dto.LineColorCfg">
  <void property="lineType"><long>4</long></void>
  <void property="lineLevel"><long>3</long></void>
  <void property="colorValue"><long>-10862445</long></void>
  <void property="lineStyle"><long>1</long></void>
  <void property="lineWidth"><long>2</long></void>
  <void property="cuid"><string>LINE_COLOR_CFG-4004</string></void>
 </object>
 <object class="com.boco.transnms.common.dto.LineColorCfg">
  <void property="lineType"><long>4</long></void>
  <void property="lineLevel"><long>4</long></void>
  <void property="colorValue"><long>-10205534</long></void>
  <void property="lineStyle"><long>1</long></void>
  <void property="lineWidth"><long>1</long></void>
  <void property="cuid"><string>LINE_COLOR_CFG-4005</string></void>
 </object>
 <object class="com.boco.transnms.common.dto.LineColorCfg">
  <void property="lineType"><long>4</long></void>
  <void property="lineLevel"><long>5</long></void>
  <void property="colorValue"><long>-9679953</long></void>
  <void property="lineStyle"><long>1</long></void>
  <void property="lineWidth"><long>1</long></void>
  <void property="cuid"><string>LINE_COLOR_CFG-4006</string></void>
 </object>
 <!--引上-->
 <object class="com.boco.transnms.common.dto.LineColorCfg">
  <void property="lineType"><long>5</long></void>
  <void property="lineLevel"><long>0</long></void>
  <void property="colorValue"><long>-8897219</long></void>
  <void property="lineStyle"><long>1</long></void>
  <void property="lineWidth"><long>1</long></void>
  <void property="cuid"><string>LINE_COLOR_CFG-5001</string></void>
 </object>
 <object class="com.boco.transnms.common.dto.LineColorCfg">
  <void property="lineType"><long>5</long></void>
  <void property="lineLevel"><long>1</long></void>
  <void property="colorValue"><long>-7781051</long></void>
  <void property="lineStyle"><long>1</long></void>
  <void property="lineWidth"><long>2</long></void>
  <void property="cuid"><string>LINE_COLOR_CFG-5002</string></void>
 </object>
 <object class="com.boco.transnms.common.dto.LineColorCfg">
  <void property="lineType"><long>5</long></void>
  <void property="lineLevel"><long>2</long></void>
  <void property="colorValue"><long>-6927541</long></void>
  <void property="lineStyle"><long>1</long></void>
  <void property="lineWidth"><long>2</long></void>
  <void property="cuid"><string>LINE_COLOR_CFG-5003</string></void>
 </object>
 <object class="com.boco.transnms.common.dto.LineColorCfg">
  <void property="lineType"><long>5</long></void>
  <void property="lineLevel"><long>3</long></void>
  <void property="colorValue"><long>-5876909</long></void>
  <void property="lineStyle"><long>1</long></void>
  <void property="lineWidth"><long>2</long></void>
  <void property="cuid"><string>LINE_COLOR_CFG-5004</string></void>
 </object>
 <object class="com.boco.transnms.common.dto.LineColorCfg">
  <void property="lineType"><long>5</long></void>
  <void property="lineLevel"><long>4</long></void>
  <void property="colorValue"><long>-5283487</long></void>
  <void property="lineStyle"><long>1</long></void>
  <void property="lineWidth"><long>1</long></void>
  <void property="cuid"><string>LINE_COLOR_CFG-5005</string></void>
 </object>
 <object class="com.boco.transnms.common.dto.LineColorCfg">
  <void property="lineType"><long>5</long></void>
  <void property="lineLevel"><long>5</long></void>
  <void property="colorValue"><long>-4755601</long></void>
  <void property="lineStyle"><long>1</long></void>
  <void property="lineWidth"><long>1</long></void>
  <void property="cuid"><string>LINE_COLOR_CFG-5006</string></void>
 </object>
 <!--挂墙-->
 <object class="com.boco.transnms.common.dto.LineColorCfg">
  <void property="lineType"><long>6</long></void>
  <void property="lineLevel"><long>0</long></void>
  <void property="colorValue"><long>-8897219</long></void>
  <void property="lineStyle"><long>1</long></void>
  <void property="lineWidth"><long>1</long></void>
  <void property="cuid"><string>LINE_COLOR_CFG-6001</string></void>
 </object>
 <object class="com.boco.transnms.common.dto.LineColorCfg">
  <void property="lineType"><long>6</long></void>
  <void property="lineLevel"><long>1</long></void>
  <void property="colorValue"><long>-7781051</long></void>
  <void property="lineStyle"><long>1</long></void>
  <void property="lineWidth"><long>2</long></void>
  <void property="cuid"><string>LINE_COLOR_CFG-6002</string></void>
 </object>
 <object class="com.boco.transnms.common.dto.LineColorCfg">
  <void property="lineType"><long>6</long></void>
  <void property="lineLevel"><long>2</long></void>
  <void property="colorValue"><long>-6927541</long></void>
  <void property="lineStyle"><long>1</long></void>
  <void property="lineWidth"><long>2</long></void>
  <void property="cuid"><string>LINE_COLOR_CFG-6003</string></void>
 </object>
 <object class="com.boco.transnms.common.dto.LineColorCfg">
  <void property="lineType"><long>6</long></void>
  <void property="lineLevel"><long>3</long></void>
  <void property="colorValue"><long>-5876909</long></void>
  <void property="lineStyle"><long>1</long></void>
  <void property="lineWidth"><long>2</long></void>
  <void property="cuid"><string>LINE_COLOR_CFG-6004</string></void>
 </object>
 <object class="com.boco.transnms.common.dto.LineColorCfg">
  <void property="lineType"><long>6</long></void>
  <void property="lineLevel"><long>4</long></void>
  <void property="colorValue"><long>-5283487</long></void>
  <void property="lineStyle"><long>1</long></void>
  <void property="lineWidth"><long>1</long></void>
  <void property="cuid"><string>LINE_COLOR_CFG-6005</string></void>
 </object>
 <object class="com.boco.transnms.common.dto.LineColorCfg">
  <void property="lineType"><long>6</long></void>
  <void property="lineLevel"><long>5</long></void>
  <void property="colorValue"><long>-4755601</long></void>
  <void property="lineStyle"><long>1</long></void>
  <void property="lineWidth"><long>1</long></void>
  <void property="cuid"><string>LINE_COLOR_CFG-6006</string></void>
 </object>
 <!--微波-->
 <object class="com.boco.transnms.common.dto.LineColorCfg">
  <void property="lineType"><long>7</long></void>
  <void property="lineLevel"><long>0</long></void>
  <void property="colorValue"><long>-10997597</long></void>
  <void property="lineStyle"><long>1</long></void>
  <void property="lineWidth"><long>1</long></void>
  <void property="cuid"><string>LINE_COLOR_CFG-7001</string></void>
 </object>
 <object class="com.boco.transnms.common.dto.LineColorCfg">
  <void property="lineType"><long>7</long></void>
  <void property="lineLevel"><long>1</long></void>
  <void property="colorValue"><long>-11325800</long></void>
  <void property="lineStyle"><long>1</long></void>
  <void property="lineWidth"><long>2</long></void>
  <void property="cuid"><string>LINE_COLOR_CFG-7002</string></void>
 </object>
 <object class="com.boco.transnms.common.dto.LineColorCfg">
  <void property="lineType"><long>7</long></void>
  <void property="lineLevel"><long>2</long></void>
  <void property="colorValue"><long>-11588719</long></void>
  <void property="lineStyle"><long>1</long></void>
  <void property="lineWidth"><long>2</long></void>
  <void property="cuid"><string>LINE_COLOR_CFG-7003</string></void>
 </object>
 <object class="com.boco.transnms.common.dto.LineColorCfg">
  <void property="lineType"><long>7</long></void>
  <void property="lineLevel"><long>3</long></void>
  <void property="colorValue"><long>-12114045</long></void>
  <void property="lineStyle"><long>1</long></void>
  <void property="lineWidth"><long>2</long></void>
  <void property="cuid"><string>LINE_COLOR_CFG-7004</string></void>
 </object>
 <object class="com.boco.transnms.common.dto.LineColorCfg">
  <void property="lineType"><long>7</long></void>
  <void property="lineLevel"><long>4</long></void>
  <void property="colorValue"><long>-12376965</long></void>
  <void property="lineStyle"><long>1</long></void>
  <void property="lineWidth"><long>1</long></void>
  <void property="cuid"><string>LINE_COLOR_CFG-7005</string></void>
 </object>
 <object class="com.boco.transnms.common.dto.LineColorCfg">
  <void property="lineType"><long>7</long></void>
  <void property="lineLevel"><long>5</long></void>
  <void property="colorValue"><long>-12576396</long></void>
  <void property="lineStyle"><long>1</long></void>
  <void property="lineWidth"><long>1</long></void>
  <void property="cuid"><string>LINE_COLOR_CFG-7006</string></void>
 </object>
 <!--槽道-->
 <object class="com.boco.transnms.common.dto.LineColorCfg">
  <void property="lineType"><long>8</long></void>
  <void property="lineLevel"><long>0</long></void>
  <void property="colorValue"><long>-6750208</long></void>
  <void property="lineStyle"><long>1</long></void>
  <void property="lineWidth"><long>1</long></void>
  <void property="cuid"><string>LINE_COLOR_CFG-8001</string></void>
 </object>
 <object class="com.boco.transnms.common.dto.LineColorCfg">
  <void property="lineType"><long>8</long></void>
  <void property="lineLevel"><long>1</long></void>
  <void property="colorValue"><long>-3407872</long></void>
  <void property="lineStyle"><long>1</long></void>
  <void property="lineWidth"><long>2</long></void>
  <void property="cuid"><string>LINE_COLOR_CFG-8002</string></void>
 </object>
 <object class="com.boco.transnms.common.dto.LineColorCfg">
  <void property="lineType"><long>8</long></void>
  <void property="lineLevel"><long>2</long></void>
  <void property="colorValue"><long>-65536</long></void>
  <void property="lineStyle"><long>1</long></void>
  <void property="lineWidth"><long>2</long></void>
  <void property="cuid"><string>LINE_COLOR_CFG-8003</string></void>
 </object>
 <object class="com.boco.transnms.common.dto.LineColorCfg">
  <void property="lineType"><long>8</long></void>
  <void property="lineLevel"><long>3</long></void>
  <void property="colorValue"><long>-52429</long></void>
  <void property="lineStyle"><long>1</long></void>
  <void property="lineWidth"><long>2</long></void>
  <void property="cuid"><string>LINE_COLOR_CFG-8004</string></void>
 </object>
 <object class="com.boco.transnms.common.dto.LineColorCfg">
  <void property="lineType"><long>8</long></void>
  <void property="lineLevel"><long>4</long></void>
  <void property="colorValue"><long>-39322</long></void>
  <void property="lineStyle"><long>1</long></void>
  <void property="lineWidth"><long>1</long></void>
  <void property="cuid"><string>LINE_COLOR_CFG-8005</string></void>
 </object>
 <object class="com.boco.transnms.common.dto.LineColorCfg">
  <void property="lineType"><long>8</long></void>
  <void property="lineLevel"><long>5</long></void>
  <void property="colorValue"><long>-26215</long></void>
  <void property="lineStyle"><long>1</long></void>
  <void property="lineWidth"><long>1</long></void>
  <void property="cuid"><string>LINE_COLOR_CFG-8006</string></void>
 </object>
</java>
