<?xml version="1.0" encoding="UTF-8"?>
<java version="1.5.0_03" class="java.beans.XMLDecoder">
  <object class="com.boco.transnms.common.dto.MapLayerCfg">
  <void property="labelCn"><string>china</string></void>
  <void property="layerName"><string>china.shp</string></void>
  <void property="color"><long>1</long></void>
  <void property="cfgLevel"><long>0</long></void>
  <void property="cfgKind"><long>3</long></void>
  <void property="linewidth"><long>1</long></void>
  <void property="remark"><string>图层</string></void>
 </object>
 <object class="com.boco.transnms.common.dto.MapLayerCfg">
  <void property="labelCn"><string>font_point</string></void>
  <void property="layerName"><string>font_point.shp</string></void>
  <void property="color"><long>1</long></void>
  <void property="cfgLevel"><long>0</long></void>
  <void property="cfgKind"><long>2</long></void>
  <void property="linewidth"><long>1</long></void>
  <void property="remark"><string>图层</string></void>
 </object>
 <object class="com.boco.transnms.common.dto.MapLayerCfg">
  <void property="labelCn"><string>大厦</string></void>
  <void property="layerName"><string>大厦.shp</string></void>
  <void property="color"><long>1</long></void>
  <void property="cfgLevel"><long>0</long></void>
  <void property="cfgKind"><long>2</long></void>
  <void property="linewidth"><long>1</long></void>
  <void property="remark"><string>图层</string></void>
 </object>
 <object class="com.boco.transnms.common.dto.MapLayerCfg">
  <void property="labelCn"><string>企业</string></void>
  <void property="layerName"><string>企业.shp</string></void>
  <void property="color"><long>1</long></void>
  <void property="cfgLevel"><long>0</long></void>
  <void property="cfgKind"><long>2</long></void>
  <void property="linewidth"><long>1</long></void>
  <void property="remark"><string>图层</string></void>
 </object>
 <object class="com.boco.transnms.common.dto.MapLayerCfg">
  <void property="labelCn"><string>车站</string></void>
  <void property="layerName"><string>车站.shp</string></void>
  <void property="color"><long>1</long></void>
  <void property="cfgLevel"><long>0</long></void>
  <void property="cfgKind"><long>2</long></void>
  <void property="linewidth"><long>1</long></void>
  <void property="remark"><string>图层</string></void>
 </object>
 <object class="com.boco.transnms.common.dto.MapLayerCfg">
  <void property="labelCn"><string>街道</string></void>
  <void property="layerName"><string>街道.shp</string></void>
  <void property="color"><long>1</long></void>
  <void property="cfgLevel"><long>0</long></void>
  <void property="cfgKind"><long>1</long></void>
  <void property="linewidth"><long>1</long></void>
  <void property="remark"><string>图层</string></void>
 </object>
 <object class="com.boco.transnms.common.dto.MapLayerCfg">
  <void property="labelCn"><string>一般道路</string></void>
  <void property="layerName"><string>一般道路.shp</string></void>
  <void property="color"><long>1</long></void>
  <void property="cfgLevel"><long>0</long></void>
  <void property="cfgKind"><long>1</long></void>
  <void property="linewidth"><long>1</long></void>
  <void property="remark"><string>图层</string></void>
 </object>
 <object class="com.boco.transnms.common.dto.MapLayerCfg">
  <void property="labelCn"><string>主要街道</string></void>
  <void property="layerName"><string>主要街道.shp</string></void>
  <void property="color"><long>1</long></void>
  <void property="cfgLevel"><long>0</long></void>
  <void property="cfgKind"><long>1</long></void>
  <void property="linewidth"><long>1</long></void>
  <void property="remark"><string>图层</string></void>
 </object>
 <object class="com.boco.transnms.common.dto.MapLayerCfg">
  <void property="labelCn"><string>村庄</string></void>
  <void property="layerName"><string>村庄.shp</string></void>
  <void property="color"><long>1</long></void>
  <void property="cfgLevel"><long>0</long></void>
  <void property="cfgKind"><long>2</long></void>
  <void property="linewidth"><long>1</long></void>
  <void property="remark"><string>图层</string></void>
 </object>
 <object class="com.boco.transnms.common.dto.MapLayerCfg">
  <void property="labelCn"><string>河</string></void>
  <void property="layerName"><string>河.shp</string></void>
  <void property="color"><long>1</long></void>
  <void property="cfgLevel"><long>0</long></void>
  <void property="cfgKind"><long>3</long></void>
  <void property="linewidth"><long>1</long></void>
  <void property="remark"><string>图层</string></void>
 </object>
 <object class="com.boco.transnms.common.dto.MapLayerCfg">
  <void property="labelCn"><string>地区界</string></void>
  <void property="layerName"><string>地区界.shp</string></void>
  <void property="color"><long>1</long></void>
  <void property="cfgLevel"><long>0</long></void>
  <void property="cfgKind"><long>1</long></void>
  <void property="linewidth"><long>1</long></void>
  <void property="remark"><string>图层</string></void>
 </object>
 <object class="com.boco.transnms.common.dto.MapLayerCfg">
  <void property="labelCn"><string>公路</string></void>
  <void property="layerName"><string>公路.shp</string></void>
  <void property="color"><long>1</long></void>
  <void property="cfgLevel"><long>0</long></void>
  <void property="cfgKind"><long>1</long></void>
  <void property="linewidth"><long>1</long></void>
  <void property="remark"><string>图层</string></void>
 </object>
 <object class="com.boco.transnms.common.dto.MapLayerCfg">
  <void property="labelCn"><string>环线</string></void>
  <void property="layerName"><string>环线.shp</string></void>
  <void property="color"><long>1</long></void>
  <void property="cfgLevel"><long>0</long></void>
  <void property="cfgKind"><long>1</long></void>
  <void property="linewidth"><long>1</long></void>
  <void property="remark"><string>图层</string></void>
 </object>
 <object class="com.boco.transnms.common.dto.MapLayerCfg">
  <void property="labelCn"><string>公园</string></void>
  <void property="layerName"><string>公园.shp</string></void>
  <void property="color"><long>1</long></void>
  <void property="cfgLevel"><long>0</long></void>
  <void property="cfgKind"><long>3</long></void>
  <void property="linewidth"><long>1</long></void>
  <void property="remark"><string>图层</string></void>
 </object>
 <object class="com.boco.transnms.common.dto.MapLayerCfg">
  <void property="labelCn"><string>绿地</string></void>
  <void property="layerName"><string>绿地.shp</string></void>
  <void property="color"><long>1</long></void>
  <void property="cfgLevel"><long>0</long></void>
  <void property="cfgKind"><long>3</long></void>
  <void property="linewidth"><long>1</long></void>
  <void property="remark"><string>图层</string></void>
 </object>
 <object class="com.boco.transnms.common.dto.MapLayerCfg">
  <void property="labelCn"><string>教育科研</string></void>
  <void property="layerName"><string>教育科研.shp</string></void>
  <void property="color"><long>1</long></void>
  <void property="cfgLevel"><long>0</long></void>
  <void property="cfgKind"><long>2</long></void>
  <void property="linewidth"><long>1</long></void>
  <void property="remark"><string>图层</string></void>
 </object>
 <object class="com.boco.transnms.common.dto.MapLayerCfg">
  <void property="labelCn"><string>加油站</string></void>
  <void property="layerName"><string>加油站.shp</string></void>
  <void property="color"><long>1</long></void>
  <void property="cfgLevel"><long>0</long></void>
  <void property="cfgKind"><long>2</long></void>
  <void property="linewidth"><long>1</long></void>
  <void property="remark"><string>图层</string></void>
 </object>
 <object class="com.boco.transnms.common.dto.MapLayerCfg">
  <void property="labelCn"><string>林地</string></void>
  <void property="layerName"><string>林地.shp</string></void>
  <void property="color"><long>1</long></void>
  <void property="cfgLevel"><long>0</long></void>
  <void property="cfgKind"><long>3</long></void>
  <void property="linewidth"><long>1</long></void>
  <void property="remark"><string>图层</string></void>
 </object>
 <object class="com.boco.transnms.common.dto.MapLayerCfg">
  <void property="labelCn"><string>桥梁</string></void>
  <void property="layerName"><string>桥梁.shp</string></void>
  <void property="color"><long>1</long></void>
  <void property="cfgLevel"><long>0</long></void>
  <void property="cfgKind"><long>1</long></void>
  <void property="linewidth"><long>1</long></void>
  <void property="remark"><string>图层</string></void>
 </object>
 <object class="com.boco.transnms.common.dto.MapLayerCfg">
  <void property="labelCn"><string>省道</string></void>
  <void property="layerName"><string>省道.shp</string></void>
  <void property="color"><long>1</long></void>
  <void property="cfgLevel"><long>0</long></void>
  <void property="cfgKind"><long>1</long></void>
  <void property="linewidth"><long>1</long></void>
  <void property="remark"><string>图层</string></void>
 </object>
 <object class="com.boco.transnms.common.dto.MapLayerCfg">
  <void property="labelCn"><string>湿地</string></void>
  <void property="layerName"><string>湿地.shp</string></void>
  <void property="color"><long>1</long></void>
  <void property="cfgLevel"><long>0</long></void>
  <void property="cfgKind"><long>3</long></void>
  <void property="linewidth"><long>1</long></void>
  <void property="remark"><string>图层</string></void>
 </object>
 <object class="com.boco.transnms.common.dto.MapLayerCfg">
  <void property="labelCn"><string>市区</string></void>
  <void property="layerName"><string>市区.shp</string></void>
  <void property="color"><long>1</long></void>
  <void property="cfgLevel"><long>0</long></void>
  <void property="cfgKind"><long>3</long></void>
  <void property="linewidth"><long>1</long></void>
  <void property="remark"><string>图层</string></void>
 </object>
 <object class="com.boco.transnms.common.dto.MapLayerCfg">
  <void property="labelCn"><string>铁路</string></void>
  <void property="layerName"><string>铁路.shp</string></void>
  <void property="color"><long>1</long></void>
  <void property="cfgLevel"><long>0</long></void>
  <void property="cfgKind"><long>1</long></void>
  <void property="linewidth"><long>1</long></void>
  <void property="remark"><string>图层</string></void>
 </object>
 <object class="com.boco.transnms.common.dto.MapLayerCfg">
  <void property="labelCn"><string>地铁</string></void>
  <void property="layerName"><string>地铁.shp</string></void>
  <void property="color"><long>1</long></void>
  <void property="cfgLevel"><long>0</long></void>
  <void property="cfgKind"><long>1</long></void>
  <void property="linewidth"><long>1</long></void>
  <void property="remark"><string>图层</string></void>
 </object>
 <object class="com.boco.transnms.common.dto.MapLayerCfg">
  <void property="labelCn"><string>文化娱乐</string></void>
  <void property="layerName"><string>文化娱乐.shp</string></void>
  <void property="color"><long>1</long></void>
  <void property="cfgLevel"><long>0</long></void>
  <void property="cfgKind"><long>2</long></void>
  <void property="linewidth"><long>1</long></void>
  <void property="remark"><string>图层</string></void>
 </object>
 <object class="com.boco.transnms.common.dto.MapLayerCfg">
  <void property="labelCn"><string>县乡道</string></void>
  <void property="layerName"><string>县乡道.shp</string></void>
  <void property="color"><long>1</long></void>
  <void property="cfgLevel"><long>0</long></void>
  <void property="cfgKind"><long>1</long></void>
  <void property="linewidth"><long>1</long></void>
  <void property="remark"><string>图层</string></void>
 </object>
 <object class="com.boco.transnms.common.dto.MapLayerCfg">
  <void property="labelCn"><string>乡镇</string></void>
  <void property="layerName"><string>乡镇.shp</string></void>
  <void property="color"><long>1</long></void>
  <void property="cfgLevel"><long>0</long></void>
  <void property="cfgKind"><long>3</long></void>
  <void property="linewidth"><long>1</long></void>
  <void property="remark"><string>图层</string></void>
 </object>
 <object class="com.boco.transnms.common.dto.MapLayerCfg">
  <void property="labelCn"><string>单位</string></void>
  <void property="layerName"><string>单位.shp</string></void>
  <void property="color"><long>1</long></void>
  <void property="cfgLevel"><long>0</long></void>
  <void property="cfgKind"><long>2</long></void>
  <void property="linewidth"><long>1</long></void>
  <void property="remark"><string>图层</string></void>
 </object>
 <object class="com.boco.transnms.common.dto.MapLayerCfg">
  <void property="labelCn"><string>县市</string></void>
  <void property="layerName"><string>县市.shp</string></void>
  <void property="color"><long>1</long></void>
  <void property="cfgLevel"><long>0</long></void>
  <void property="cfgKind"><long>2</long></void>
  <void property="linewidth"><long>1</long></void>
  <void property="remark"><string>图层</string></void>
 </object>
 <object class="com.boco.transnms.common.dto.MapLayerCfg">
  <void property="labelCn"><string>邮电通信</string></void>
  <void property="layerName"><string>邮电通信.shp</string></void>
  <void property="color"><long>1</long></void>
  <void property="cfgLevel"><long>0</long></void>
  <void property="cfgKind"><long>2</long></void>
  <void property="linewidth"><long>1</long></void>
  <void property="remark"><string>图层</string></void>
 </object>
</java>
