<?xml version="1.0" encoding="UTF-8"?>
<java version="1.5.0_03" class="java.beans.XMLDecoder">
<!--光缆-->
 <object class="com.boco.transnms.common.dto.ResDisplayCfg">
  <void property="labelCn"><string>光缆</string></void>
  <void property="resType"><string>WIRE_SYSTEM</string></void>
  <void property="systemLevel"><long>0</long></void>
  <void property="MinScale"><double>0</double></void>
  <void property="MaxScale"><double>1000000</double></void>
  <void property="cuid"><string>RES_DISPLAY_CFG-WIRE_SYSTEM_0</string></void>
 </object>
 <object class="com.boco.transnms.common.dto.ResDisplayCfg">
  <void property="labelCn"><string>光缆</string></void>
  <void property="resType"><string>WIRE_SYSTEM</string></void>
  <void property="systemLevel"><long>1</long></void>
  <void property="MinScale"><double>0</double></void>
  <void property="MaxScale"><double>3000000</double></void>
  <void property="cuid"><string>RES_DISPLAY_CFG-WIRE_SYSTEM_1</string></void>
 </object>
 <object class="com.boco.transnms.common.dto.ResDisplayCfg">
  <void property="labelCn"><string>光缆</string></void>
  <void property="resType"><string>WIRE_SYSTEM</string></void>
  <void property="systemLevel"><long>2</long></void>
  <void property="MinScale"><double>0</double></void>
  <void property="MaxScale"><double>1500000</double></void>
  <void property="cuid"><string>RES_DISPLAY_CFG-WIRE_SYSTEM_2</string></void>
 </object>
 <object class="com.boco.transnms.common.dto.ResDisplayCfg">
  <void property="labelCn"><string>光缆</string></void>
  <void property="resType"><string>WIRE_SYSTEM</string></void>
  <void property="systemLevel"><long>3</long></void>
  <void property="MinScale"><double>0</double></void>
  <void property="MaxScale"><double>500000</double></void>
  <void property="cuid"><string>RES_DISPLAY_CFG-WIRE_SYSTEM_3</string></void>
 </object>
 <object class="com.boco.transnms.common.dto.ResDisplayCfg">
  <void property="labelCn"><string>光缆</string></void>
  <void property="resType"><string>WIRE_SYSTEM</string></void>
  <void property="systemLevel"><long>4</long></void>
  <void property="MinScale"><double>0</double></void>
  <void property="MaxScale"><double>200000</double></void>
  <void property="cuid"><string>RES_DISPLAY_CFG-WIRE_SYSTEM_4</string></void>
 </object>
 <object class="com.boco.transnms.common.dto.ResDisplayCfg">
  <void property="labelCn"><string>光缆</string></void>
  <void property="resType"><string>WIRE_SYSTEM</string></void>
  <void property="systemLevel"><long>5</long></void>
  <void property="MinScale"><double>0</double></void>
  <void property="MaxScale"><double>100000</double></void>
  <void property="cuid"><string>RES_DISPLAY_CFG-WIRE_SYSTEM_5</string></void>
 </object>
 <!--管道-->
 <object class="com.boco.transnms.common.dto.ResDisplayCfg">
  <void property="labelCn"><string>管道</string></void>
  <void property="resType"><string>DUCT_SYSTEM</string></void>
  <void property="systemLevel"><long>0</long></void>
  <void property="MinScale"><double>0</double></void>
  <void property="MaxScale"><double>1000000</double></void>
  <void property="cuid"><string>RES_DISPLAY_CFG-DUCT_SYSTEM_0</string></void>
 </object>
 <object class="com.boco.transnms.common.dto.ResDisplayCfg">
  <void property="labelCn"><string>管道</string></void>
  <void property="resType"><string>DUCT_SYSTEM</string></void>
  <void property="systemLevel"><long>1</long></void>
  <void property="MinScale"><double>0</double></void>
  <void property="MaxScale"><double>3000000</double></void>
  <void property="cuid"><string>RES_DISPLAY_CFG-DUCT_SYSTEM_1</string></void>
 </object>
 <object class="com.boco.transnms.common.dto.ResDisplayCfg">
  <void property="labelCn"><string>管道</string></void>
  <void property="resType"><string>DUCT_SYSTEM</string></void>
  <void property="systemLevel"><long>2</long></void>
  <void property="MinScale"><double>0</double></void>
  <void property="MaxScale"><double>1500000</double></void>
  <void property="cuid"><string>RES_DISPLAY_CFG-DUCT_SYSTEM_2</string></void>
 </object>
 <object class="com.boco.transnms.common.dto.ResDisplayCfg">
  <void property="labelCn"><string>管道</string></void>
  <void property="resType"><string>DUCT_SYSTEM</string></void>
  <void property="systemLevel"><long>3</long></void>
  <void property="MinScale"><double>0</double></void>
  <void property="MaxScale"><double>500000</double></void>
  <void property="cuid"><string>RES_DISPLAY_CFG-DUCT_SYSTEM_3</string></void>
 </object>
 <object class="com.boco.transnms.common.dto.ResDisplayCfg">
  <void property="labelCn"><string>管道</string></void>
  <void property="resType"><string>DUCT_SYSTEM</string></void>
  <void property="systemLevel"><long>4</long></void>
  <void property="MinScale"><double>0</double></void>
  <void property="MaxScale"><double>200000</double></void>
  <void property="cuid"><string>RES_DISPLAY_CFG-DUCT_SYSTEM_4</string></void>
 </object>
 <object class="com.boco.transnms.common.dto.ResDisplayCfg">
  <void property="labelCn"><string>管道</string></void>
  <void property="resType"><string>DUCT_SYSTEM</string></void>
  <void property="systemLevel"><long>5</long></void>
  <void property="MinScale"><double>0</double></void>
  <void property="MaxScale"><double>100000</double></void>
  <void property="cuid"><string>RES_DISPLAY_CFG-DUCT_SYSTEM_5</string></void>
 </object>
 <!--杆路-->
 <object class="com.boco.transnms.common.dto.ResDisplayCfg">
  <void property="labelCn"><string>杆路</string></void>
  <void property="resType"><string>POLEWAY_SYSTEM</string></void>
  <void property="systemLevel"><long>0</long></void>
  <void property="MinScale"><double>0</double></void>
  <void property="MaxScale"><double>1000000</double></void>
  <void property="cuid"><string>RES_DISPLAY_CFG-POLEWAY_SYSTEM_0</string></void>
 </object>
  <object class="com.boco.transnms.common.dto.ResDisplayCfg">
  <void property="labelCn"><string>杆路</string></void>
  <void property="resType"><string>POLEWAY_SYSTEM</string></void>
  <void property="systemLevel"><long>1</long></void>
  <void property="MinScale"><double>0</double></void>
  <void property="MaxScale"><double>3000000</double></void>
  <void property="cuid"><string>RES_DISPLAY_CFG-POLEWAY_SYSTEM_1</string></void>
 </object>
  <object class="com.boco.transnms.common.dto.ResDisplayCfg">
  <void property="labelCn"><string>杆路</string></void>
  <void property="resType"><string>POLEWAY_SYSTEM</string></void>
  <void property="systemLevel"><long>2</long></void>
  <void property="MinScale"><double>0</double></void>
  <void property="MaxScale"><double>1500000</double></void>
  <void property="cuid"><string>RES_DISPLAY_CFG-POLEWAY_SYSTEM_2</string></void>
 </object>
  <object class="com.boco.transnms.common.dto.ResDisplayCfg">
  <void property="labelCn"><string>杆路</string></void>
  <void property="resType"><string>POLEWAY_SYSTEM</string></void>
  <void property="systemLevel"><long>3</long></void>
  <void property="MinScale"><double>0</double></void>
  <void property="MaxScale"><double>500000</double></void>
  <void property="cuid"><string>RES_DISPLAY_CFG-POLEWAY_SYSTEM_3</string></void>
 </object>
  <object class="com.boco.transnms.common.dto.ResDisplayCfg">
  <void property="labelCn"><string>杆路</string></void>
  <void property="resType"><string>POLEWAY_SYSTEM</string></void>
  <void property="systemLevel"><long>4</long></void>
  <void property="MinScale"><double>0</double></void>
  <void property="MaxScale"><double>200000</double></void>
  <void property="cuid"><string>RES_DISPLAY_CFG-POLEWAY_SYSTEM_4</string></void>
 </object>
  <object class="com.boco.transnms.common.dto.ResDisplayCfg">
  <void property="labelCn"><string>杆路</string></void>
  <void property="resType"><string>POLEWAY_SYSTEM</string></void>
  <void property="systemLevel"><long>5</long></void>
  <void property="MinScale"><double>0</double></void>
  <void property="MaxScale"><double>100000</double></void>
  <void property="cuid"><string>RES_DISPLAY_CFG-POLEWAY_SYSTEM_5</string></void>
 </object>
 <!--标石路由-->
 <object class="com.boco.transnms.common.dto.ResDisplayCfg">
  <void property="labelCn"><string>标石路由</string></void>
  <void property="resType"><string>STONEWAY_SYSTEM</string></void>
  <void property="systemLevel"><long>0</long></void>
  <void property="MinScale"><double>0</double></void>
  <void property="MaxScale"><double>1000000</double></void>
  <void property="cuid"><string>RES_DISPLAY_CFG-STONEWAY_SYSTEM_0</string></void>
 </object>
  <object class="com.boco.transnms.common.dto.ResDisplayCfg">
  <void property="labelCn"><string>标石路由</string></void>
  <void property="resType"><string>STONEWAY_SYSTEM</string></void>
  <void property="systemLevel"><long>1</long></void>
  <void property="MinScale"><double>0</double></void>
  <void property="MaxScale"><double>3000000</double></void>
  <void property="cuid"><string>RES_DISPLAY_CFG-STONEWAY_SYSTEM_1</string></void>
 </object>
  <object class="com.boco.transnms.common.dto.ResDisplayCfg">
  <void property="labelCn"><string>标石路由</string></void>
  <void property="resType"><string>STONEWAY_SYSTEM</string></void>
  <void property="systemLevel"><long>2</long></void>
  <void property="MinScale"><double>0</double></void>
  <void property="MaxScale"><double>1500000</double></void>
  <void property="cuid"><string>RES_DISPLAY_CFG-STONEWAY_SYSTEM_2</string></void>
 </object> <object class="com.boco.transnms.common.dto.ResDisplayCfg">
  <void property="labelCn"><string>标石路由</string></void>
  <void property="resType"><string>STONEWAY_SYSTEM</string></void>
  <void property="systemLevel"><long>3</long></void>
  <void property="MinScale"><double>0</double></void>
  <void property="MaxScale"><double>500000</double></void>
  <void property="cuid"><string>RES_DISPLAY_CFG-STONEWAY_SYSTEM_3</string></void>
 </object> <object class="com.boco.transnms.common.dto.ResDisplayCfg">
  <void property="labelCn"><string>标石路由</string></void>
  <void property="resType"><string>STONEWAY_SYSTEM</string></void>
  <void property="systemLevel"><long>4</long></void>
  <void property="MinScale"><double>0</double></void>
  <void property="MaxScale"><double>200000</double></void>
  <void property="cuid"><string>RES_DISPLAY_CFG-STONEWAY_SYSTEM_4</string></void>
 </object> <object class="com.boco.transnms.common.dto.ResDisplayCfg">
  <void property="labelCn"><string>标石路由</string></void>
  <void property="resType"><string>STONEWAY_SYSTEM</string></void>
  <void property="systemLevel"><long>5</long></void>
  <void property="MinScale"><double>0</double></void>
  <void property="MaxScale"><double>100000</double></void>
  <void property="cuid"><string>RES_DISPLAY_CFG-STONEWAY_SYSTEM_5</string></void>
 </object>
 <!--引上-->
 <object class="com.boco.transnms.common.dto.ResDisplayCfg">
  <void property="labelCn"><string>引上</string></void>
  <void property="resType"><string>UP_LINE</string></void>
  <void property="systemLevel"><long>0</long></void>
  <void property="MinScale"><double>0</double></void>
  <void property="MaxScale"><double>1000000</double></void>
  <void property="cuid"><string>RES_DISPLAY_CFG-UP_LINE_0</string></void>
 </object>
 <object class="com.boco.transnms.common.dto.ResDisplayCfg">
  <void property="labelCn"><string>引上</string></void>
  <void property="resType"><string>UP_LINE</string></void>
  <void property="systemLevel"><long>1</long></void>
  <void property="MinScale"><double>0</double></void>
  <void property="MaxScale"><double>3000000</double></void>
  <void property="cuid"><string>RES_DISPLAY_CFG-UP_LINE_1</string></void>
 </object>
 <object class="com.boco.transnms.common.dto.ResDisplayCfg">
  <void property="labelCn"><string>引上</string></void>
  <void property="resType"><string>UP_LINE</string></void>
  <void property="systemLevel"><long>2</long></void>
  <void property="MinScale"><double>0</double></void>
  <void property="MaxScale"><double>1500000</double></void>
  <void property="cuid"><string>RES_DISPLAY_CFG-UP_LINE_2</string></void>
 </object><object class="com.boco.transnms.common.dto.ResDisplayCfg">
  <void property="labelCn"><string>引上</string></void>
  <void property="resType"><string>UP_LINE</string></void>
  <void property="systemLevel"><long>3</long></void>
  <void property="MinScale"><double>0</double></void>
  <void property="MaxScale"><double>500000</double></void>
  <void property="cuid"><string>RES_DISPLAY_CFG-UP_LINE_3</string></void>
 </object><object class="com.boco.transnms.common.dto.ResDisplayCfg">
  <void property="labelCn"><string>引上</string></void>
  <void property="resType"><string>UP_LINE</string></void>
  <void property="systemLevel"><long>4</long></void>
  <void property="MinScale"><double>0</double></void>
  <void property="MaxScale"><double>200000</double></void>
  <void property="cuid"><string>RES_DISPLAY_CFG-UP_LINE_4</string></void>
 </object><object class="com.boco.transnms.common.dto.ResDisplayCfg">
  <void property="labelCn"><string>引上</string></void>
  <void property="resType"><string>UP_LINE</string></void>
  <void property="systemLevel"><long>5</long></void>
  <void property="MinScale"><double>0</double></void>
  <void property="MaxScale"><double>100000</double></void>
  <void property="cuid"><string>RES_DISPLAY_CFG-UP_LINE_5</string></void>
 </object>
 <!--挂墙-->
 <object class="com.boco.transnms.common.dto.ResDisplayCfg">
  <void property="labelCn"><string>挂墙</string></void>
  <void property="resType"><string>HANG_WALL</string></void>
  <void property="systemLevel"><long>0</long></void>
  <void property="MinScale"><double>0</double></void>
  <void property="MaxScale"><double>1000000</double></void>
  <void property="cuid"><string>RES_DISPLAY_CFG-HANG_WALL_0</string></void>
 </object>
  <object class="com.boco.transnms.common.dto.ResDisplayCfg">
  <void property="labelCn"><string>挂墙</string></void>
  <void property="resType"><string>HANG_WALL</string></void>
  <void property="systemLevel"><long>1</long></void>
  <void property="MinScale"><double>0</double></void>
  <void property="MaxScale"><double>3000000</double></void>
  <void property="cuid"><string>RES_DISPLAY_CFG-HANG_WALL_1</string></void>
 </object>
  <object class="com.boco.transnms.common.dto.ResDisplayCfg">
  <void property="labelCn"><string>挂墙</string></void>
  <void property="resType"><string>HANG_WALL</string></void>
  <void property="systemLevel"><long>2</long></void>
  <void property="MinScale"><double>0</double></void>
  <void property="MaxScale"><double>1500000</double></void>
  <void property="cuid"><string>RES_DISPLAY_CFG-HANG_WALL_2</string></void>
 </object>
  <object class="com.boco.transnms.common.dto.ResDisplayCfg">
  <void property="labelCn"><string>挂墙</string></void>
  <void property="resType"><string>HANG_WALL</string></void>
  <void property="systemLevel"><long>3</long></void>
  <void property="MinScale"><double>0</double></void>
  <void property="MaxScale"><double>500000</double></void>
  <void property="cuid"><string>RES_DISPLAY_CFG-HANG_WALL_3</string></void>
 </object> <object class="com.boco.transnms.common.dto.ResDisplayCfg">
  <void property="labelCn"><string>挂墙</string></void>
  <void property="resType"><string>HANG_WALL</string></void>
  <void property="systemLevel"><long>4</long></void>
  <void property="MinScale"><double>0</double></void>
  <void property="MaxScale"><double>200000</double></void>
  <void property="cuid"><string>RES_DISPLAY_CFG-HANG_WALL_4</string></void>
 </object> <object class="com.boco.transnms.common.dto.ResDisplayCfg">
  <void property="labelCn"><string>挂墙</string></void>
  <void property="resType"><string>HANG_WALL</string></void>
  <void property="systemLevel"><long>5</long></void>
  <void property="MinScale"><double>0</double></void>
  <void property="MaxScale"><double>100000</double></void>
  <void property="cuid"><string>RES_DISPLAY_CFG-HANG_WALL_5</string></void>
 </object>
 <!--微波-->
 <object class="com.boco.transnms.common.dto.ResDisplayCfg">
  <void property="labelCn"><string>微波</string></void>
  <void property="resType"><string>MICROWAVE_SYSTEM</string></void>
  <void property="systemLevel"><long>0</long></void>
  <void property="MinScale"><double>0</double></void>
  <void property="MaxScale"><double>1000000</double></void>
  <void property="cuid"><string>RES_DISPLAY_CFG-MICROWAVE_SYSTEM_0</string></void>
 </object>
  <object class="com.boco.transnms.common.dto.ResDisplayCfg">
  <void property="labelCn"><string>微波</string></void>
  <void property="resType"><string>MICROWAVE_SYSTEM</string></void>
  <void property="systemLevel"><long>1</long></void>
  <void property="MinScale"><double>0</double></void>
  <void property="MaxScale"><double>3000000</double></void>
  <void property="cuid"><string>RES_DISPLAY_CFG-MICROWAVE_SYSTEM_1</string></void>
 </object> <object class="com.boco.transnms.common.dto.ResDisplayCfg">
  <void property="labelCn"><string>微波</string></void>
  <void property="resType"><string>MICROWAVE_SYSTEM</string></void>
  <void property="systemLevel"><long>2</long></void>
  <void property="MinScale"><double>0</double></void>
  <void property="MaxScale"><double>1500000</double></void>
  <void property="cuid"><string>RES_DISPLAY_CFG-MICROWAVE_SYSTEM_2</string></void>
 </object> <object class="com.boco.transnms.common.dto.ResDisplayCfg">
  <void property="labelCn"><string>微波</string></void>
  <void property="resType"><string>MICROWAVE_SYSTEM</string></void>
  <void property="systemLevel"><long>3</long></void>
  <void property="MinScale"><double>0</double></void>
  <void property="MaxScale"><double>500000</double></void>
  <void property="cuid"><string>RES_DISPLAY_CFG-MICROWAVE_SYSTEM_3</string></void>
 </object> <object class="com.boco.transnms.common.dto.ResDisplayCfg">
  <void property="labelCn"><string>微波</string></void>
  <void property="resType"><string>MICROWAVE_SYSTEM</string></void>
  <void property="systemLevel"><long>4</long></void>
  <void property="MinScale"><double>0</double></void>
  <void property="MaxScale"><double>200000</double></void>
  <void property="cuid"><string>RES_DISPLAY_CFG-MICROWAVE_SYSTEM_4</string></void>
 </object> <object class="com.boco.transnms.common.dto.ResDisplayCfg">
  <void property="labelCn"><string>微波</string></void>
  <void property="resType"><string>MICROWAVE_SYSTEM</string></void>
  <void property="systemLevel"><long>5</long></void>
  <void property="MinScale"><double>0</double></void>
  <void property="MaxScale"><double>100000</double></void>
  <void property="cuid"><string>RES_DISPLAY_CFG-MICROWAVE_SYSTEM_5</string></void>
 </object>
 <!--站点-->
 <object class="com.boco.transnms.common.dto.ResDisplayCfg">
  <void property="labelCn"><string>站点</string></void>
  <void property="resType"><string>SITE</string></void>
  <void property="systemLevel"><long>1</long></void>
  <void property="MinScale"><double>0</double></void>
  <void property="MaxScale"><double>3000000</double></void>
  <void property="cuid"><string>RES_DISPLAY_CFG-SITE_1</string></void>
 </object>
  <object class="com.boco.transnms.common.dto.ResDisplayCfg">
  <void property="labelCn"><string>站点</string></void>
  <void property="resType"><string>SITE</string></void>
  <void property="systemLevel"><long>2</long></void>
  <void property="MinScale"><double>0</double></void>
  <void property="MaxScale"><double>1500000</double></void>
  <void property="cuid"><string>RES_DISPLAY_CFG-SITE_2</string></void>
 </object>
  <object class="com.boco.transnms.common.dto.ResDisplayCfg">
  <void property="labelCn"><string>站点</string></void>
  <void property="resType"><string>SITE</string></void>
  <void property="systemLevel"><long>3</long></void>
  <void property="MinScale"><double>0</double></void>
  <void property="MaxScale"><double>1500000</double></void>
  <void property="cuid"><string>RES_DISPLAY_CFG-SITE_3</string></void>
 </object>
  <object class="com.boco.transnms.common.dto.ResDisplayCfg">
  <void property="labelCn"><string>站点</string></void>
  <void property="resType"><string>SITE</string></void>
  <void property="systemLevel"><long>4</long></void>
  <void property="MinScale"><double>0</double></void>
  <void property="MaxScale"><double>500000</double></void>
  <void property="cuid"><string>RES_DISPLAY_CFG-SITE_4</string></void>
 </object>
  <object class="com.boco.transnms.common.dto.ResDisplayCfg">
  <void property="labelCn"><string>站点</string></void>
  <void property="resType"><string>SITE</string></void>
  <void property="systemLevel"><long>5</long></void>
  <void property="MinScale"><double>0</double></void>
  <void property="MaxScale"><double>200000</double></void>
  <void property="cuid"><string>RES_DISPLAY_CFG-SITE_5</string></void>
 </object>
  <object class="com.boco.transnms.common.dto.ResDisplayCfg">
  <void property="labelCn"><string>站点</string></void>
  <void property="resType"><string>SITE</string></void>
  <void property="systemLevel"><long>6</long></void>
  <void property="MinScale"><double>0</double></void>
  <void property="MaxScale"><double>100000</double></void>
  <void property="cuid"><string>RES_DISPLAY_CFG-SITE_6</string></void>
 </object>

 <object class="com.boco.transnms.common.dto.ResDisplayCfg">
  <void property="labelCn"><string>人手井</string></void>
  <void property="resType"><string>MANHLE</string></void>
  <void property="MinScale"><double>0</double></void>
  <void property="MaxScale"><double>500000</double></void>
  <void property="cuid"><string>RES_DISPLAY_CFG-MANHLE</string></void>
 </object>
 <object class="com.boco.transnms.common.dto.ResDisplayCfg">
  <void property="labelCn"><string>电杆</string></void>
  <void property="resType"><string>POLE</string></void>
  <void property="MinScale"><double>0</double></void>
  <void property="MaxScale"><double>500000</double></void>
  <void property="cuid"><string>RES_DISPLAY_CFG-POLE</string></void>
 </object>
 <object class="com.boco.transnms.common.dto.ResDisplayCfg">
  <void property="labelCn"><string>标石</string></void>
  <void property="resType"><string>STONE</string></void>
  <void property="MinScale"><double>0</double></void>
  <void property="MaxScale"><double>500000</double></void>
  <void property="cuid"><string>RES_DISPLAY_CFG-STONE</string></void>
 </object>
 <object class="com.boco.transnms.common.dto.ResDisplayCfg">
  <void property="labelCn"><string>拐点</string></void>
  <void property="resType"><string>INFLEXION</string></void>
  <void property="MinScale"><double>0</double></void>
  <void property="MaxScale"><double>500000</double></void>
  <void property="cuid"><string>RES_DISPLAY_CFG-INFLEXION</string></void>
 </object>
 <object class="com.boco.transnms.common.dto.ResDisplayCfg">
  <void property="labelCn"><string>光交接箱</string></void>
  <void property="resType"><string>FIBER_CAB</string></void>
  <void property="MinScale"><double>0</double></void>
  <void property="MaxScale"><double>500000</double></void>
  <void property="cuid"><string>RES_DISPLAY_CFG-FIBER_CAB</string></void>
 </object>
 <object class="com.boco.transnms.common.dto.ResDisplayCfg">
  <void property="labelCn"><string>光分纤箱</string></void>
  <void property="resType"><string>FIBER_DP</string></void>
  <void property="MinScale"><double>0</double></void>
  <void property="MaxScale"><double>500000</double></void>
  <void property="cuid"><string>RES_DISPLAY_CFG-FIBER_DP</string></void>
 </object>
 <object class="com.boco.transnms.common.dto.ResDisplayCfg">
  <void property="labelCn"><string>接头盒</string></void>
  <void property="resType"><string>FIBER_JOINT_BOX</string></void>
  <void property="MinScale"><double>0</double></void>
  <void property="MaxScale"><double>500000</double></void>
  <void property="cuid"><string>RES_DISPLAY_CFG-FIBER_JOINT_BOX</string></void>
 </object>
 <!--槽道-->
 <object class="com.boco.transnms.common.dto.ResDisplayCfg">
  <void property="labelCn"><string>槽道</string></void>
  <void property="resType"><string>SLOT_DUCT_SYSTEM</string></void>
  <void property="systemLevel"><long>0</long></void>
  <void property="MinScale"><double>0</double></void>
  <void property="MaxScale"><double>1000000</double></void>
  <void property="cuid"><string>RES_DISPLAY_CFG-SLOT_DUCT_SYSTEM_0</string></void>
 </object>
 <object class="com.boco.transnms.common.dto.ResDisplayCfg">
  <void property="labelCn"><string>槽道</string></void>
  <void property="resType"><string>SLOT_DUCT_SYSTEM</string></void>
  <void property="systemLevel"><long>1</long></void>
  <void property="MinScale"><double>0</double></void>
  <void property="MaxScale"><double>3000000</double></void>
  <void property="cuid"><string>RES_DISPLAY_CFG-SLOT_DUCT_SYSTEM_1</string></void>
 </object>
 <object class="com.boco.transnms.common.dto.ResDisplayCfg">
  <void property="labelCn"><string>槽道</string></void>
  <void property="resType"><string>SLOT_DUCT_SYSTEM</string></void>
  <void property="systemLevel"><long>2</long></void>
  <void property="MinScale"><double>0</double></void>
  <void property="MaxScale"><double>1500000</double></void>
  <void property="cuid"><string>RES_DISPLAY_CFG-SLOT_DUCT_SYSTEM_2</string></void>
 </object>
 <object class="com.boco.transnms.common.dto.ResDisplayCfg">
  <void property="labelCn"><string>槽道</string></void>
  <void property="resType"><string>SLOT_DUCT_SYSTEM</string></void>
  <void property="systemLevel"><long>3</long></void>
  <void property="MinScale"><double>0</double></void>
  <void property="MaxScale"><double>500000</double></void>
  <void property="cuid"><string>RES_DISPLAY_CFG-SLOT_DUCT_SYSTEM_3</string></void>
 </object>
 <object class="com.boco.transnms.common.dto.ResDisplayCfg">
  <void property="labelCn"><string>槽道</string></void>
  <void property="resType"><string>SLOT_DUCT_SYSTEM</string></void>
  <void property="systemLevel"><long>4</long></void>
  <void property="MinScale"><double>0</double></void>
  <void property="MaxScale"><double>200000</double></void>
  <void property="cuid"><string>RES_DISPLAY_CFG-SLOT_DUCT_SYSTEM_4</string></void>
 </object>
 <object class="com.boco.transnms.common.dto.ResDisplayCfg">
  <void property="labelCn"><string>槽道</string></void>
  <void property="resType"><string>SLOT_DUCT_SYSTEM</string></void>
  <void property="systemLevel"><long>5</long></void>
  <void property="MinScale"><double>0</double></void>
  <void property="MaxScale"><double>100000</double></void>
  <void property="cuid"><string>RES_DISPLAY_CFG-SLOT_DUCT_SYSTEM_5</string></void>
 </object>
  <object class="com.boco.transnms.common.dto.ResDisplayCfg">
  <void property="labelCn"><string>接入点</string></void>
  <void property="resType"><string>ACCESSPOINT</string></void>
  <void property="MinScale"><double>0</double></void>
  <void property="MaxScale"><double>500000</double></void>
  <void property="cuid"><string>RES_DISPLAY_CFG-ACCESSPOINT</string></void>
 </object>
 
 <object class="com.boco.transnms.common.dto.ResDisplayCfg">
  <void property="labelCn"><string>POS</string></void>
  <void property="resType"><string>TRANS_ELEMENT</string></void>
  <void property="MinScale"><double>0</double></void>
  <void property="MaxScale"><double>500000</double></void>
  <void property="cuid"><string>RES_DISPLAY_CFG-TRANS_ELEMENT</string></void>
 </object>
 
 
</java>
