<?xml version="1.0" encoding="UTF-8"?>
<java version="1.5.0_03" class="java.beans.XMLDecoder">
 <object class="com.boco.transnms.common.dto.SdhalarmArule">
  <void property="createUser"><string>admin</string></void>		<!-- 创建用户 -->
  <void property="deriveObjectType"><long>1</long></void>	<!-- 1为端口，2为CTP(衍生告警对象类型) -->
  <void property="labelCn"><string>sdhRule1</string></void>	    <!-- 规则名称 -->
  <void property="objectTypeCode"><long>18002</long></void>		<!-- 统一填18002 -->
  <!--  <void property="rdiFlag"><long>1</long></void>  -->  <!-- 1为对告，2为非对告(端口根源告警拓扑关系) ，可空-->
  <void property="relatedAlarmCuid"><string>VENDOR_ALARM-HUAWEI27</string></void>   <!-- 厂家告警Cuid -->
  <void property="relatedVendorCuid"><string>DEVICE_VENDOR-1</string></void>   <!-- 厂家Cuid -->
  <void property="cuid"><string>SDHALARM_ARULE-001</string></void>
 </object>
 
 <object class="com.boco.transnms.common.dto.SdhalarmArule">
  <void property="createUser"><string>admin</string></void>
  <void property="deriveObjectType"><long>1</long></void>	
  <void property="labelCn"><string>sdhRule1</string></void>
  <void property="objectTypeCode"><long>18002</long></void>
  <void property="rdiFlag"><long>1</long></void>  
  <void property="relatedAlarmCuid"><string>VENDOR_ALARM-HUAWEI29</string></void>   
  <void property="relatedVendorCuid"><string>DEVICE_VENDOR-1</string></void>   
  <void property="cuid"><string>SDHALARM_ARULE-002</string></void>
 </object>
</java>
