<?xml version="1.0" encoding="UTF-8"?>
<java version="1.5.0_03" class="java.beans.XMLDecoder">
 <object class="com.boco.transnms.common.dto.SdhalarmAruleOrig">
  <void property="eventtypeEnum"><string>SAMEPOSITION</string></void>	
  <!-- 告警传递依据的事件类型:同源：SAMEPOSITION;上下级:LEVELRELATION;拓扑:TOPORELATION。一个规则可以有两种类型，如SAMEPOSITION,LEVELRELATION -->  
  <void property="objectTypeCode"><long>18003</long></void>		<!-- 统一填18003 -->
  <void property="origObjectType"><long>1</long></void>	<!-- 1为端口，2为CTP(根源告警对象类型) -->
  <void property="passOrder"><string>1</string></void>  <!-- 传递顺序-->
  <void property="relatedRuleCuid"><string>SDHALARM_ARULE-001</string></void>   <!-- 厂家告警Cuid -->
  <void property="relatedAlarmCuid"><string>VENDOR_ALARM-HUAWEI29</string></void>
  <void property="cuid"><string>SDHALARM_ARULE_ORIG-001</string></void>
 </object>
 
 <object class="com.boco.transnms.common.dto.SdhalarmAruleOrig">
  <void property="eventtypeEnum"><string>TOPORELATION</string></void>	
  <void property="objectTypeCode"><long>18003</long></void>		
  <void property="origObjectType"><long>1</long></void>	
  <void property="passOrder"><string>1</string></void>  
  <void property="relatedRuleCuid"><string>SDHALARM_ARULE-002</string></void>  
  <void property="relatedAlarmCuid"><string>VENDOR_ALARM-HUAWEI29</string></void>
  <void property="cuid"><string>SDHALARM_ARULE_ORIG-002</string></void>
 </object>
</java>
