<?xml version="1.0" encoding="UTF-8"?>
<java version="1.5.0_03" class="java.beans.XMLDecoder">
 <object class="com.boco.transnms.common.dto.SystemMap">
  <void property="labelCn"><string>china</string></void>
  <void property="relatedDistrictCuid"><string>DISTRICT-1</string></void>
  <void property="cuid"><string>SYSTEM_MAP-001</string></void>
 </object>
 <object class="com.boco.transnms.common.dto.SystemMap">
  <void property="labelCn"><string>guangdong</string></void>
  <void property="relatedDistrictCuid"><string>DISTRICT-02</string></void>
  <void property="cuid"><string>SYSTEM_MAP-002</string></void>
 </object>
</java>
