<?xml version="1.0" encoding="UTF-8"?>
<java version="1.5.0_03" class="java.beans.XMLDecoder">
 <object class="com.boco.transnms.common.dto.TemplateGroup">
  <void property="labelCn"><string>全部模板组</string></void>
  <void property="relatedTemplateGroupCuid"><string>TEMPLATE_GROUP-0</string></void>
  <void property="createrName"><string>admin</string></void>
  <void property="remark"><string>根模板组</string></void>
  <void property="cuid"><string>TEMPLATE_GROUP-1</string></void>
  <void property="type"><long>0</long></void>
 </object>
  <object class="com.boco.transnms.common.dto.TemplateGroup">
  <void property="labelCn"><string>网元模板</string></void>
  <void property="relatedTemplateGroupCuid"><string>TEMPLATE_GROUP-1</string></void>
  <void property="createrName"><string>admin</string></void>
  <void property="remark"><string>网元模板</string></void>
  <void property="cuid"><string>TEMPLATE_GROUP-10</string></void>
  <void property="type"><long>1</long></void>
 </object>
 <object class="com.boco.transnms.common.dto.TemplateGroup">
  <void property="labelCn"><string>ODF模板</string></void>
  <void property="relatedTemplateGroupCuid"><string>TEMPLATE_GROUP-1</string></void>
  <void property="createrName"><string>admin</string></void>
  <void property="remark"><string>ODF模板</string></void>
  <void property="cuid"><string>TEMPLATE_GROUP-11</string></void>
  <void property="type"><long>3</long></void>
 </object>
 <object class="com.boco.transnms.common.dto.TemplateGroup">
  <void property="labelCn"><string>ODM模板</string></void>
  <void property="relatedTemplateGroupCuid"><string>TEMPLATE_GROUP-1</string></void>
  <void property="createrName"><string>admin</string></void>
  <void property="remark"><string>ODM模板</string></void>
  <void property="cuid"><string>TEMPLATE_GROUP-12</string></void>
  <void property="type"><long>5</long></void>
 </object>
 <object class="com.boco.transnms.common.dto.TemplateGroup">
  <void property="labelCn"><string>DDF模板</string></void>
  <void property="relatedTemplateGroupCuid"><string>TEMPLATE_GROUP-1</string></void>
  <void property="createrName"><string>admin</string></void>
  <void property="remark"><string>DDF模板</string></void>
  <void property="cuid"><string>TEMPLATE_GROUP-13</string></void>
  <void property="type"><long>4</long></void>
 </object>
 <object class="com.boco.transnms.common.dto.TemplateGroup">
  <void property="labelCn"><string>DDM模板</string></void>
  <void property="relatedTemplateGroupCuid"><string>TEMPLATE_GROUP-1</string></void>
  <void property="createrName"><string>admin</string></void>
  <void property="remark"><string>DDM模板</string></void>
  <void property="cuid"><string>TEMPLATE_GROUP-14</string></void>
  <void property="type"><long>6</long></void>
 </object>
 <object class="com.boco.transnms.common.dto.TemplateGroup">
  <void property="labelCn"><string>管孔模板</string></void>
  <void property="relatedTemplateGroupCuid"><string>TEMPLATE_GROUP-1</string></void>
  <void property="createrName"><string>admin</string></void>
  <void property="remark"><string>管孔模板</string></void>
  <void property="cuid"><string>TEMPLATE_GROUP-15</string></void>
  <void property="type"><long>2</long></void>
 </object>
 <object class="com.boco.transnms.common.dto.TemplateGroup">
  <void property="labelCn"><string>光缆模板</string></void>
  <void property="relatedTemplateGroupCuid"><string>TEMPLATE_GROUP-1</string></void>
  <void property="createrName"><string>admin</string></void>
  <void property="remark"><string>光缆模板</string></void>
  <void property="cuid"><string>TEMPLATE_GROUP-16</string></void>
  <void property="type"><long>7</long></void>
 </object>
 <object class="com.boco.transnms.common.dto.TemplateGroup">
  <void property="labelCn"><string>机架模板</string></void>
  <void property="relatedTemplateGroupCuid"><string>TEMPLATE_GROUP-1</string></void>
  <void property="createrName"><string>admin</string></void>
  <void property="remark"><string>机架模板</string></void>
  <void property="cuid"><string>TEMPLATE_GROUP-17</string></void>
  <void property="type"><long>8</long></void>
 </object>
 <object class="com.boco.transnms.common.dto.TemplateGroup">
  <void property="labelCn"><string>综合机架模板</string></void>
  <void property="relatedTemplateGroupCuid"><string>TEMPLATE_GROUP-1</string></void>
  <void property="createrName"><string>admin</string></void>
  <void property="remark"><string>综合机架模板</string></void>
  <void property="cuid"><string>TEMPLATE_GROUP-19</string></void>
  <void property="type"><long>11</long></void>
 </object>
 <object class="com.boco.transnms.common.dto.TemplateGroup">
  <void property="labelCn"><string>综合资源网元模板</string></void>
  <void property="relatedTemplateGroupCuid"><string>TEMPLATE_GROUP-1</string></void>
  <void property="createrName"><string>admin</string></void>
  <void property="remark"><string>综合资源网元模板</string></void>
  <void property="cuid"><string>TEMPLATE_GROUP-18</string></void>
  <void property="type"><long>10</long></void>
 </object>

 <object class="com.boco.transnms.common.dto.TemplateGroup">
  <void property="labelCn"><string>综合机架模板</string></void>
  <void property="relatedTemplateGroupCuid"><string>TEMPLATE_GROUP-1</string></void>
  <void property="createrName"><string>admin</string></void>
  <void property="remark"><string>综合机架模板</string></void>
  <void property="cuid"><string>TEMPLATE_GROUP-19</string></void>
  <void property="type"><long>11</long></void>
 </object>
 <object class="com.boco.transnms.common.dto.TemplateGroup">
   <void property="labelCn"><string>光交接箱模板</string></void>
   <void property="relatedTemplateGroupCuid"><string>TEMPLATE_GROUP_1</string></void>
   <void property="createrName"><string>admin</string></void>
   <void property="remark"><string>光交接箱模板</string></void>
   <void property="cuid"><string>TEMPLATE_GROUP_20</string></void>
   <void property="type"><long>12</long></void>
 </object>
 <object class="com.boco.transnms.common.dto.TemplateGroup">
   <void property="labelCn"><string>光分纤箱模板</string></void>
   <void property="relatedTemplateGroupCuid"><string>TEMPLATE_GROUP_1</string></void>
   <void property="createrName"><string>admin</string></void>
   <void property="remark"><string>光分纤箱模板</string></void>
   <void property="cuid"><string>TEMPLATE_GROUP_21</string></void>
   <void property="type"><long>13</long></void>
 </object>
 <object class="com.boco.transnms.common.dto.TemplateGroup">
   <void property="labelCn"><string>光接头盒模板</string></void>
   <void property="relatedTemplateGroupCuid"><string>TEMPLATE_GROUP_1</string></void>
   <void property="createrName"><string>admin</string></void>
   <void property="remark"><string>光接头盒模板</string></void>
   <void property="cuid"><string>TEMPLATE_GROUP_22</string></void>
   <void property="type"><long>14</long></void>
 </object>
</java>
