<?xml version="1.0" encoding="UTF-8"?>
<java version="1.5.0_03" class="java.beans.XMLDecoder">
    <!--传输颜色配置-->
    <object class="com.boco.transnms.common.dto.TransColorCfg">
        <void property="EnumType"><string>TRANS_PATH_COLOR_CFG</string></void>
        <void property="EnumKey"><long>1</long></void>
        <void property="EnumLabel"><string>155M、140M、34M、45M、2M完全空闲</string></void>
        <void property="EnumColor"><long>-16777216</long></void>
    </object>

    <object class="com.boco.transnms.common.dto.TransColorCfg">
        <void property="EnumType"><string>TRANS_PATH_COLOR_CFG</string></void>
        <void property="EnumKey"><long>2</long></void>
        <void property="EnumLabel"><string>开通34M、45M、2M时隙，占满</string></void>
        <void property="EnumColor"><long>-16711936</long></void>
    </object>

    <object class="com.boco.transnms.common.dto.TransColorCfg">
        <void property="EnumType"><string>TRANS_PATH_COLOR_CFG</string></void>
        <void property="EnumKey"><long>3</long></void>
        <void property="EnumLabel"><string>开通34M、45M、2M时隙，但未占满</string></void>
        <void property="EnumColor"><long>-16776961</long></void>
    </object>

    <object class="com.boco.transnms.common.dto.TransColorCfg">
        <void property="EnumType"><string>TRANS_PATH_COLOR_CFG</string></void>
        <void property="EnumKey"><long>4</long></void>
        <void property="EnumLabel"><string>155M、140M时隙，已开通电路</string></void>
        <void property="EnumColor"><long>-65281</long></void>
    </object>

</java>
