<?xml version="1.0" encoding="UTF-8"?>
<java version="1.5.0_03" class="java.beans.XMLDecoder">
 <object class="com.boco.transnms.common.dto.VendorAlarm">
  <void property="alarmType"><long>1</long></void>
  <void property="alarmName"><string>LOS</string></void>
  <void property="alarmSeverity"><long>1</long></void>
  <void property="defaultalarmSeverity"><long>1</long></void>
  <void property="criterionNum"><long>25</long></void>
  <void property="relatedVendorCuid"><string>DEVICE_VENDOR-3</string></void>
  <void property="alarmDescripe"><string>信号丢失</string></void>
  <void property="isServiceMapping"><boolean>false</boolean></void>
  <void property="cuid"><string>VENDOR_ALARM-HUAWEI25</string></void>
 </object>

  <object class="com.boco.transnms.common.dto.VendorAlarm">
  <void property="alarmType"><long>1</long></void>
  <void property="alarmName"><string>LOSS OF FRAME</string></void>
  <void property="alarmSeverity"><long>1</long></void>
  <void property="defaultalarmSeverity"><long>1</long></void>
  <void property="criterionNum"><long>26</long></void>
  <void property="relatedVendorCuid"><string>DEVICE_VENDOR-3</string></void>
  <void property="alarmDescripe"><string>光信号帧丢失</string></void>
  <void property="isServiceMapping"><boolean>false</boolean></void>
  <void property="cuid"><string>VENDOR_ALARM-HUAWEI26</string></void>
 </object>

 <object class="com.boco.transnms.common.dto.VendorAlarm">
  <void property="alarmType"><long>1</long></void>
  <void property="alarmName"><string>LOSS OF INPUT MULTIPLEXED SIGNAL</string></void>
  <void property="alarmSeverity"><long>1</long></void>
  <void property="defaultalarmSeverity"><long>1</long></void>
  <void property="criterionNum"><long>27</long></void>
  <void property="relatedVendorCuid"><string>DEVICE_VENDOR-3</string></void>
  <void property="alarmDescripe"><string>输入合路信号丢失</string></void>
  <void property="isServiceMapping"><boolean>false</boolean></void>
  <void property="cuid"><string>VENDOR_ALARM-HUAWEI27</string></void>
</object>

 <object class="com.boco.transnms.common.dto.VendorAlarm">
  <void property="alarmType"><long>1</long></void>
  <void property="alarmName"><string>LOSS OF INPUT OPTICAL CHANNEL</string></void>
  <void property="alarmSeverity"><long>1</long></void>
  <void property="defaultalarmSeverity"><long>1</long></void>
  <void property="criterionNum"><long>28</long></void>
  <void property="relatedVendorCuid"><string>DEVICE_VENDOR-3</string></void>
  <void property="alarmDescripe"><string>输入单波长信号丢失</string></void>
  <void property="isServiceMapping"><boolean>false</boolean></void>
  <void property="cuid"><string>VENDOR_ALARM-HUAWEI28</string></void>
</object>

<object class="com.boco.transnms.common.dto.VendorAlarm">
  <void property="alarmType"><long>1</long></void>
  <void property="alarmName"><string>LOSS OF INPUT SIGNAL</string></void>
  <void property="alarmSeverity"><long>1</long></void>
  <void property="defaultalarmSeverity"><long>1</long></void>
  <void property="criterionNum"><long>29</long></void>
  <void property="relatedVendorCuid"><string>DEVICE_VENDOR-3</string></void>
  <void property="alarmDescripe"><string>输入信号丢失</string></void>
  <void property="isServiceMapping"><boolean>false</boolean></void>
  <void property="cuid"><string>VENDOR_ALARM-HUAWEI29</string></void>
</object>
</java>
