<?xml version="1.0" encoding="UTF-8"?>
<objectRelationXModel xmlns:xsi="http://www.w3.org/2001/XMLSchema-instance" xsi:noNamespaceSchemaLocation="E:\doc\zhangxu\TNMS\设计\vsd\objectRelation.xsd">
  <!--空间管理>>-->
  <objectRelationList>
    <className>DISTRICT</className>
    <classLabelCn>区域</classLabelCn>
    <boName>IDistrictBO</boName>
    <childClassNames>      DISTRICT,SITE,NMS_SYSTEM,TRANS_SUB_NETWORK,TRANS_ELEMENT,SWITCH_ELEMENT,TRAPH,FAULT_INFO,WIRE_SYSTEM,DUCT_SYSTEM,POLEWAY_SYSTEM,STONEWAY_SYSTEM,UP_LINE,HANG_WALL,MANHLE,POLE,STONE,INFLEXION,FIBER_CAB,FIBER_DP,FIBER_JOINT_BOX,SYSTEM_MAP,WIRE_REMAIN,OPTICAL,SYS_USER,ORGANIZATION
      <!--暂时屏蔽：,SWITCH_MSC,SWITCH_HLR,SIGNALING_STP,IN_SAU,SSP,SWITCH_FIXED,RADIO_BSC_G,RADIO_BSC_C,RADIO_BTS_G,RADIO_BTS_C,RADIO_CELL_G,RADIO_CELL_C,ATM_SWITCH,VOIP_SWITCH,ETHERNET_SWITCH-->
    </childClassNames>
  </objectRelationList>
  <objectRelationList>
    <className>SITE</className>
    <classLabelCn>站点</classLabelCn>
    <boName>ISiteBO</boName>
    <childClassNames>      FLOOR,ROOM,TRANS_ELEMENT,SWITCH_ELEMENT,SDH_SYSTEM,WDM_SYSTEM,PDH_SYSTEM,INTER_WIRE,INTER_CABLE,TRANS_PATH,TRAPH,FAULT_INFO,WIRE_SYSTEM,DUCT_SYSTEM,POLEWAY_SYSTEM,STONEWAY_SYSTEM,UP_LINE,HANG_WALL,MANHLE,FIBER_JOINT_BOX,WIRE_REMAIN,OPTICAL_WAY,OPTICAL
      <!--暂时屏蔽by wangbo 2008-10-09 ：POLE,STONE,INFLEXION,FIBER_CAB,FIBER_DP,SYSTEM_MAP-->
      <!--暂时屏蔽：,SWITCH_MSC,SWITCH_HLR,SIGNALING_STP,IN_SAU,SSP,SWITCH_FIXED,RADIO_BSC_G,RADIO_BSC_C,RADIO_BTS_G,RADIO_BTS_C,RADIO_CELL_G,RADIO_CELL_C,ATM_SWITCH,VOIP_SWITCH,ETHERNET_SWITCH-->
    </childClassNames>
  </objectRelationList>
  <objectRelationList>
    <className>FLOOR</className>
    <classLabelCn>楼层</classLabelCn>
    <boName>IFloorBO</boName>
    <childClassNames>ROOM</childClassNames>
  </objectRelationList>
  <objectRelationList>
    <className>SYS_USER</className>
    <classLabelCn>用户</classLabelCn>
    <boName>ISecurityBO</boName>
    <childClassNames></childClassNames>
  </objectRelationList>
  <objectRelationList>
    <className>ORGANIZATION</className>
    <classLabelCn>用户组</classLabelCn>
    <boName>ISecurityBO</boName>
    <childClassNames></childClassNames>
  </objectRelationList>
  <objectRelationList>
    <className>ROOM</className>
    <classLabelCn>机房</classLabelCn>
    <boName>IRoomBO</boName>
    <childClassNames>      TRANS_ELEMENT,SWITCH_ELEMENT,INTER_WIRE,INTER_CABLE,DDF,ODF,MISCRACK,TRANS_PATH,TRAPH,FAULT_INFO,OPTICAL_WAY,OPTICAL
      <!--暂时屏蔽：,SWITCH_MSC,SWITCH_HLR,SIGNALING_STP,IN_SAU,SSP,SWITCH_FIXED,RADIO_BSC_G,RADIO_BSC_C,RADIO_BTS_G,RADIO_BTS_C,RADIO_CELL_G,RADIO_CELL_C,ATM_SWITCH,VOIP_SWITCH,ETHERNET_SWITCH-->
    </childClassNames>
    <!--<childClassNames>考虑去掉的：SDH_SYSTEM,WDM_SYSTEM,PDH_SYSTEM,MICROWAVE_SYSTEM</childClassNames>-->
  </objectRelationList>
  <!--<<空间管理-->
  <!--配置管理>>-->
  <objectRelationList>
    <className>SWITCH_ELEMENT</className>
    <classLabelCn>业务网元</classLabelCn>
    <boName>ISwitchElementBO</boName>
    <childClassNames>    </childClassNames>
  </objectRelationList>
  <objectRelationList>
    <className>TRANS_ELEMENT</className>
    <classLabelCn>传输网元</classLabelCn>
    <boName>ITransElementBO</boName>
    <childClassNames>FAULT_INFO</childClassNames><!--把SDH_SYSTEM,WDM_SYSTEM,PDH_SYSTEM换为TRANS_SYSTEM，因为以前那样写会调用三次查询传输系统的接口-->
  </objectRelationList>
  <objectRelationList>
    <className>CARD</className>
    <classLabelCn>机盘</classLabelCn>
    <boName>ICardBO</boName>
    <childClassNames> </childClassNames>
  </objectRelationList>
  <objectRelationList>
    <className>PTP</className>
    <classLabelCn>端口</classLabelCn>
    <boName>IPTPBO</boName>
    <childClassNames> </childClassNames>
  </objectRelationList>
  <objectRelationList>
    <className>CTP</className>
    <classLabelCn>CTP</classLabelCn>
    <boName>ICTPBO</boName>
    <childClassNames> </childClassNames>
  </objectRelationList>
  <objectRelationList>
    <className>TOPO_LINK</className>
    <classLabelCn>拓扑连接</classLabelCn>
    <boName>ITopoLinkBO</boName>
    <childClassNames>    </childClassNames>
  </objectRelationList>
  <objectRelationList>
    <className>CROSSCONNECT</className>
    <classLabelCn>交叉连接</classLabelCn>
    <boName>ICrossConnectBO</boName>
    <childClassNames>    </childClassNames>
  </objectRelationList>
  <objectRelationList>
    <className>NMS_SYSTEM</className>
    <classLabelCn>EMS</classLabelCn>
    <boName>INmsSystemBO</boName>
    <!--childClassNames>TRANS_ELEMENT,CURRENT_ALARM,PM_PFMVALUE</childClassNames-->
    <childClassNames>TRANS_ELEMENT</childClassNames>
  </objectRelationList>
  <!--子网-->
  <objectRelationList>
    <className>TRANS_SUB_NETWORK</className>
    <classLabelCn>子网</classLabelCn>
    <boName>ITransSubNetWorkBO</boName>
    <childClassNames>TRANS_SYSTEM</childClassNames>
  </objectRelationList>
  <!--<<配置管理-->
  <!--传输系统>>-->
  <objectRelationList>
    <className>SDH_SYSTEM</className>
    <classLabelCn>SDH传输系统</classLabelCn>
    <boName>ITransSystemBO</boName>
    <childClassNames>TRANS_PATH</childClassNames>
  </objectRelationList>
  <objectRelationList>
    <className>WDM_SYSTEM</className>
    <classLabelCn>WDM传输系统</classLabelCn>
    <boName>ITransSystemBO</boName>
    <childClassNames>TRANS_PATH</childClassNames>
  </objectRelationList>
  <objectRelationList>
    <className>PDH_SYSTEM</className>
    <classLabelCn>PDH传输系统</classLabelCn>
    <boName>ITransSystemBO</boName>
    <childClassNames>TRANS_PATH</childClassNames>
  </objectRelationList>
  <objectRelationList>
    <className>TRANS_SYSTEM</className>
    <classLabelCn>传输系统</classLabelCn>
    <boName>ITransSystemBO</boName>
    <childClassNames></childClassNames>
  </objectRelationList>
  <!--<<传输系统-->
  <!--电路、通道>>-->
  <objectRelationList>
    <className>TRAPH</className>
    <classLabelCn>电路</classLabelCn>
    <boName>ITraphBO</boName>
    <childClassNames>    </childClassNames>
  </objectRelationList>
  <objectRelationList>
    <className>TRANS_PATH</className>
    <classLabelCn>传输通道</classLabelCn>
    <boName>ITransPathBO</boName>
    <childClassNames>    </childClassNames>
  </objectRelationList>
  <!--<<电路、通道-->
  <!--告警、故障、性能、采集任务...>>-->
  <objectRelationList>
    <className>CURRENT_ALARM</className>
    <classLabelCn>当前告警</classLabelCn>
    <boName>ICurAlarmBO</boName>
    <childClassNames>    </childClassNames>
  </objectRelationList>
  <objectRelationList>
    <className>FAULT_INFO</className>
    <classLabelCn>故障</classLabelCn>
    <boName>IFaultInfoBO</boName>
    <childClassNames>    </childClassNames>
  </objectRelationList>
  <objectRelationList>
    <className>PM_PFMVALUE</className>
    <classLabelCn>性能</classLabelCn>
    <boName>IPmPfmBO</boName>
    <childClassNames>    </childClassNames>
  </objectRelationList>
  <!--<<告警、故障、性能、采集任务...-->
  <!--安全部分>>-->
  <objectRelationList>
    <className>SYS_USER</className>
    <classLabelCn>用户</classLabelCn>
    <boName>ISecurityBO</boName>
    <childClassNames>    </childClassNames>
  </objectRelationList>
  <objectRelationList>
    <className>ORGANIZATION</className>
    <classLabelCn>机构</classLabelCn>
    <boName>ISecurityBO</boName>
    <childClassNames>    </childClassNames>
  </objectRelationList>
  <!--<<安全部分-->
  <!--机架等....>>-->
  <objectRelationList>
    <className>INTER_WIRE</className>
    <classLabelCn>楼内光缆</classLabelCn>
    <boName>IInterWireBO</boName>
    <childClassNames>    </childClassNames>
  </objectRelationList>
  <objectRelationList>
    <className>INTER_CABLE</className>
    <classLabelCn>楼内电缆</classLabelCn>
    <boName>IInterCableBO</boName>
    <childClassNames>    </childClassNames>
  </objectRelationList>
  <objectRelationList>
    <className>DDF</className>
    <classLabelCn>DDF</classLabelCn>
    <boName>IPhyDdfBO</boName>
    <childClassNames>    </childClassNames>
  </objectRelationList>
  <objectRelationList>
    <className>ODF</className>
    <classLabelCn>ODF</classLabelCn>
    <boName>IPhyOdfBO</boName>
    <childClassNames>    </childClassNames>
  </objectRelationList>
  <objectRelationList>
    <className>MISCRACK</className>
    <classLabelCn>综合机架</classLabelCn>
    <boName>IMiscRackBO</boName>
    <childClassNames>    </childClassNames>
  </objectRelationList>
  <!--<<-->
  <!--管线部分>>-->
  <objectRelationList>
    <className>WIRE_SYSTEM</className>
    <classLabelCn>光缆</classLabelCn>
    <boName>IWireSystemBO</boName>
    <childClassNames>    </childClassNames>
  </objectRelationList>
  <objectRelationList>
    <className>DUCT_SYSTEM</className>
    <classLabelCn>管道</classLabelCn>
    <boName>IDuctSystemBO</boName>
    <childClassNames>    </childClassNames>
  </objectRelationList>
  <objectRelationList>
    <className>POLEWAY_SYSTEM</className>
    <classLabelCn>杆路</classLabelCn>
    <boName>IPolewaySystemBO</boName>
    <childClassNames>    </childClassNames>
  </objectRelationList>
  <objectRelationList>
    <className>STONEWAY_SYSTEM</className>
    <classLabelCn>标石路由</classLabelCn>
    <boName>IStonewaySystemBO</boName>
    <childClassNames>    </childClassNames>
  </objectRelationList>
  <objectRelationList>
    <className>UP_LINE</className>
    <classLabelCn>引上</classLabelCn>
    <boName>IUpLineBO</boName>
    <childClassNames>    </childClassNames>
  </objectRelationList>
  <objectRelationList>
    <className>HANG_WALL</className>
    <classLabelCn>挂墙</classLabelCn>
    <boName>IHangWallBO</boName>
    <childClassNames>    </childClassNames>
  </objectRelationList>
  <objectRelationList>
    <className>MANHLE</className>
    <classLabelCn>人手井</classLabelCn>
    <boName>IManhleBO</boName>
    <childClassNames>    </childClassNames>
  </objectRelationList>
  <objectRelationList>
    <className>POLE</className>
    <classLabelCn>电杆</classLabelCn>
    <boName>IPoleBO</boName>
    <childClassNames>    </childClassNames>
  </objectRelationList>
  <objectRelationList>
    <className>STONE</className>
    <classLabelCn>标石</classLabelCn>
    <boName>IStoneBO</boName>
    <childClassNames>    </childClassNames>
  </objectRelationList>
  <objectRelationList>
    <className>INFLEXION</className>
    <classLabelCn>拐点</classLabelCn>
    <boName>IInflexionBO</boName>
    <childClassNames>    </childClassNames>
  </objectRelationList>
  <objectRelationList>
    <className>FIBER_CAB</className>
    <classLabelCn>光交接箱</classLabelCn>
    <boName>IFiberCabBO</boName>
    <childClassNames>    </childClassNames>
  </objectRelationList>
  <objectRelationList>
    <className>FIBER_DP</className>
    <classLabelCn>光分纤箱</classLabelCn>
    <boName>IFiberDpBO</boName>
    <childClassNames>    </childClassNames>
  </objectRelationList>
  <objectRelationList>
    <className>FIBER_JOINT_BOX</className>
    <classLabelCn>接头盒</classLabelCn>
    <boName>IFiberJointBoxBO</boName>
    <childClassNames>    </childClassNames>
  </objectRelationList>
  <objectRelationList>
    <className>SYSTEM_MAP</className>
    <classLabelCn>地图</classLabelCn>
    <boName>ISystemMapBO</boName>
    <childClassNames>    </childClassNames>
  </objectRelationList>
  <objectRelationList>
    <className>WIRE_REMAIN</className>
    <classLabelCn>预留点</classLabelCn>
    <boName>IWireRemainBO</boName>
    <childClassNames>    </childClassNames>
  </objectRelationList>
  <objectRelationList>
    <className>OPTICAL</className>
    <classLabelCn>光纤</classLabelCn>
    <boName>IOpticalBO</boName>
    <childClassNames>    </childClassNames>
  </objectRelationList>
  <objectRelationList>
    <className>OPTICAL_WAY</className>
    <classLabelCn>光路</classLabelCn>
    <boName>IOpticalWayBO</boName>
    <childClassNames>    </childClassNames>
  </objectRelationList>
  <!--<<管线部分-->
  <!--综合资源部分>>-->
  <objectRelationList>
    <className>SWITCH_MSC</className>
    <classLabelCn>MSC设备</classLabelCn>
    <boName>ISwitchMscBO</boName>
    <childClassNames>    </childClassNames>
  </objectRelationList>
  <objectRelationList>
    <className>SWITCH_HLR</className>
    <classLabelCn>HLR设备</classLabelCn>
    <boName>ISwitchHlrBO</boName>
    <childClassNames>    </childClassNames>
  </objectRelationList>
  <objectRelationList>
    <className>SIGNALING_STP</className>
    <classLabelCn>STP设备</classLabelCn>
    <boName>ISignalingStpBO</boName>
    <childClassNames>    </childClassNames>
  </objectRelationList>
  <objectRelationList>
    <className>IN_SAU</className>
    <classLabelCn>SAU设备</classLabelCn>
    <boName>IInSauBO</boName>
    <childClassNames>    </childClassNames>
  </objectRelationList>
  <objectRelationList>
    <className>SSP</className>
    <classLabelCn>SSP设备</classLabelCn>
    <boName>ISspBO</boName>
    <childClassNames>    </childClassNames>
  </objectRelationList>
  <objectRelationList>
    <className>SWITCH_FIXED</className>
    <classLabelCn>固网交换机</classLabelCn>
    <boName>ISwitchFixedBO</boName>
    <childClassNames>    </childClassNames>
  </objectRelationList>
  <objectRelationList>
    <className>RADIO_BSC_G</className>
    <classLabelCn>G网BSC设备</classLabelCn>
    <boName>IRadioBscGBO</boName>
    <childClassNames>    </childClassNames>
  </objectRelationList>
  <objectRelationList>
    <className>RADIO_BSC_C</className>
    <classLabelCn>C网BSC设备</classLabelCn>
    <boName>IRadioBscCBO</boName>
    <childClassNames>    </childClassNames>
  </objectRelationList>
  <objectRelationList>
    <className>RADIO_BTS_G</className>
    <classLabelCn>G网BTS设备</classLabelCn>
    <boName>IRadioBtsGBO</boName>
    <childClassNames>    </childClassNames>
  </objectRelationList>
  <objectRelationList>
    <className>RADIO_BTS_C</className>
    <classLabelCn>C网BTS设备</classLabelCn>
    <boName>IRadioBtsCBO</boName>
    <childClassNames>    </childClassNames>
  </objectRelationList>
  <objectRelationList>
    <className>RADIO_CELL_G</className>
    <classLabelCn>G网CELL设备</classLabelCn>
    <boName>IRadioCellGBO</boName>
    <childClassNames>    </childClassNames>
  </objectRelationList>
  <objectRelationList>
    <className>RADIO_CELL_C</className>
    <classLabelCn>C网CELL设备</classLabelCn>
    <boName>IRadioCellCBO</boName>
    <childClassNames>    </childClassNames>
  </objectRelationList>
  <objectRelationList>
    <className>ATM_SWITCH</className>
    <classLabelCn>ATM交换机</classLabelCn>
    <boName>IAtmSwitchBO</boName>
    <childClassNames>    </childClassNames>
  </objectRelationList>
  <objectRelationList>
    <className>VOIP_SWITCH</className>
    <classLabelCn>VOIP交换机</classLabelCn>
    <boName>IVoipSwitchBO</boName>
    <childClassNames>    </childClassNames>
  </objectRelationList>
  <objectRelationList>
    <className>ETHERNET_SWITCH</className>
    <classLabelCn>数据网元</classLabelCn>
    <boName>IEthernetSwitchBO</boName>
    <childClassNames>    </childClassNames>
  </objectRelationList>
  <!--<<综合资源部分-->
</objectRelationXModel>
