<?xml version="1.0" encoding="UTF-8"?>
<objectRelationXModel xmlns:xsi="http://www.w3.org/2001/XMLSchema-instance" xsi:noNamespaceSchemaLocation="E:\doc\zhangxu\TNMS\设计\vsd\objectRelation.xsd">

  <objectRelationList>
    <className>SITE</className>
    <classLabelCn>站点</classLabelCn>
    <boName>ISiteBO</boName>
    <childClassNames>FLOOR,ROOM,TRANS_ELEMENT,SWITCH_ELEMENT,SDH_SYSTEM,WDM_SYSTEM,PDH_SYSTEM,WIRE_SYSTEM,DUCT_SYSTEM,POLEWAY_SYSTEM,STONEWAY_SYSTEM,UP_LINE,HANG_WALL</childClassNames>
  </objectRelationList>

  <objectRelationList>
	<className>FLOOR</className>
	<classLabelCn>楼层</classLabelCn>
	<boName>IFloorBO</boName>
	<childClassNames>ROOM</childClassNames>
  </objectRelationList>

  <objectRelationList>
    <className>ROOM</className>
    <classLabelCn>机房</classLabelCn>
    <boName>IRoomBO</boName>
    <childClassNames>TRANS_ELEMENT,SWITCH_ELEMENT,INTER_WIRE,INTER_CABLE,RACK,DDF,ODF,MISCRACK,DUTY_CONFIG,FIBER_JOINT_BOX</childClassNames>
    <!--2008-10-09 modify by wangbo 增加DUTY_CONFIG,FIBER_JOINT_BOX-->
  </objectRelationList>

  <objectRelationList>
    <className>SWITCH_ELEMENT</className>
    <classLabelCn>交换网元</classLabelCn>
    <boName>ISwitchElementBO</boName>
    <childClassNames>DDF,ODF</childClassNames>
  </objectRelationList>

  <objectRelationList>
    <className>TRANS_ELEMENT</className>
    <classLabelCn>传输网元</classLabelCn>
    <boName>ITransElementBO</boName>
    <childClassNames>SDH_SYSTEM,PDH_SYSTEM,WDM_SYSTEM</childClassNames>
  </objectRelationList>

  <objectRelationList>
    <className>SDH_SYSTEM</className>
    <classLabelCn>SDH传输系统</classLabelCn>
    <boName>ITransSystemBO</boName>
    <childClassNames></childClassNames>
  </objectRelationList>

  <objectRelationList>
    <className>PDH_SYSTEM</className>
    <classLabelCn>PDH传输系统</classLabelCn>
    <boName>ITransSystemBO</boName>
    <childClassNames></childClassNames>
  </objectRelationList>

  <objectRelationList>
    <className>WDM_SYSTEM</className>
    <classLabelCn>波分传输系统</classLabelCn>
    <boName>ITransSystemBO</boName>
    <childClassNames></childClassNames>
  </objectRelationList>

  <objectRelationList>
    <className>INTER_WIRE</className>
    <classLabelCn>楼内光缆</classLabelCn>
    <boName>IInterWireBO</boName>
    <childClassNames></childClassNames>
  </objectRelationList>

  <objectRelationList>
    <className>INTER_CABLE</className>
    <classLabelCn>楼内电缆</classLabelCn>
    <boName>IInterCableBO</boName>
    <childClassNames></childClassNames>
  </objectRelationList>

  <objectRelationList>
    <className>RACK</className>
    <classLabelCn>物理机架</classLabelCn>
    <boName>IRackBO</boName>
    <childClassNames></childClassNames>
  </objectRelationList>

  <objectRelationList>
    <className>DDF</className>
    <classLabelCn>DDF</classLabelCn>
    <boName>IPhyDdfBO</boName>
    <childClassNames></childClassNames>
  </objectRelationList>

  <objectRelationList>
    <className>ODF</className>
    <classLabelCn>ODF</classLabelCn>
    <boName>IPhyOdfBO</boName>
    <childClassNames></childClassNames>
  </objectRelationList>

  <objectRelationList>
    <className>MISCRACK</className>
    <classLabelCn>综合机架</classLabelCn>
    <boName>IMiscRackBO</boName>
    <childClassNames></childClassNames>
  </objectRelationList>


  <!--管线部分>>-->

  <objectRelationList>
    <className>WIRE_SYSTEM</className>
    <classLabelCn>光缆</classLabelCn>
    <boName>IWireSystemBO</boName>
    <childClassNames></childClassNames>
  </objectRelationList>

  <objectRelationList>
    <className>DUCT_SYSTEM</className>
    <classLabelCn>管道</classLabelCn>
    <boName>IDuctSystemBO</boName>
    <childClassNames></childClassNames>
  </objectRelationList>

  <objectRelationList>
    <className>POLEWAY_SYSTEM</className>
    <classLabelCn>杆路</classLabelCn>
    <boName>IPolewaySystemBO</boName>
    <childClassNames></childClassNames>
  </objectRelationList>

  <objectRelationList>
    <className>STONEWAY_SYSTEM</className>
    <classLabelCn>标石路由</classLabelCn>
    <boName>IStonewaySystemBO</boName>
    <childClassNames></childClassNames>
  </objectRelationList>

  <objectRelationList>
    <className>UP_LINE</className>
    <classLabelCn>引上</classLabelCn>
    <boName>IUpLineBO</boName>
    <childClassNames></childClassNames>
  </objectRelationList>

  <objectRelationList>
    <className>HANG_WALL</className>
    <classLabelCn>挂墙</classLabelCn>
    <boName>IHangWallBO</boName>
    <childClassNames></childClassNames>
  </objectRelationList>

  <objectRelationList>
    <className>OPTICAL</className>
    <classLabelCn>光纤</classLabelCn>
    <boName>IOpticalBO</boName>
    <childClassNames></childClassNames>
  </objectRelationList>
  <objectRelationList>
    <className>FIBER_JOINT_BOX</className>
    <classLabelCn>接头盒</classLabelCn>
    <boName>IFiberJointBoxBO</boName>
    <childClassNames></childClassNames>
  </objectRelationList>
  <objectRelationList>
    <className>DUTY_CONFIG</className>
    <classLabelCn>值班配置</classLabelCn>
    <boName>IDutyConfigBO</boName>
    <childClassNames></childClassNames>
  </objectRelationList>
</objectRelationXModel>


