<?xml version="1.0" encoding="UTF-8"?>
<objectRelationXModel xmlns:xsi="http://www.w3.org/2001/XMLSchema-instance" xsi:noNamespaceSchemaLocation="E:\doc\zhangxu\TNMS\设计\vsd\objectRelation.xsd">
    <!--
    文件定义说明：这个文件用户对象鉴权
      如果这个对象有直接所属区域属性：直接建立一个<objectRelationList>
      如果这个对象没有直接所属区域，那么就定义在这个对象父对象的<childClassNames>中
        childClassNames：定义和对象本身相关的下级对象，并且这个下级对象和区域无直接关联关系。
    -->
    <!--站点-->
	<objectRelationList>
		<className>SITE</className>
		<classLabelCn>站点</classLabelCn>
		<boName>RELATED_SPACE_CUID</boName>
		<childClassNames>FLOOR.RELATED_SPACE_CUID,ROOM.RELATED_SITE_CUID</childClassNames>
	</objectRelationList>

    <!--机房-->
	<objectRelationList>
		<className>ROOM</className>
		<classLabelCn>机房</classLabelCn>
		<boName></boName>
		<childClassNames>RACK.RELATED_ROOM_CUID,MISCRACK.RELATED_ROOM_CUID,ODF.RELATED_ROOM_CUID,DDF.RELATED_ROOM_CUID,DDF.RELATED_ROOM_CUID</childClassNames>
	</objectRelationList>

    <!--EMS-->
	<objectRelationList>
		<className>NMS_SYSTEM</className>
		<classLabelCn>EMS</classLabelCn>
		<boName>RELATED_SPACE_CUID</boName>
        <parentClassNames>ROOM.RELATED_ROOM_CUID,SITE.RELATED_SITE_CUID</parentClassNames>
        <childClassNames></childClassNames>
	</objectRelationList>

    <!--传输网元-->
	<objectRelationList>
		<className>TRANS_ELEMENT</className>
		<classLabelCn>传输网元</classLabelCn>
		<boName>RELATED_DISTRICT_CUID</boName>
        <parentClassNames>ROOM.RELATED_ROOM_CUID,SITE.RELATED_SITE_CUID</parentClassNames>
        <childClassNames>CARD.RELATED_DEVICE_CUID,PTP.RELATED_NE_CUID,CTP.RELATED_NE_CUID,CROSSCONNECT.RELATED_NE_CUID,PARTNERSHIP_PORT.RELATED_NE_CUID</childClassNames>
	</objectRelationList>

    <!--SDHSYSTEM-->
	<objectRelationList>
		<className>SDH_SYSTEM</className>
		<classLabelCn>SDH_SYSTEM</classLabelCn>
		<boName>RELATED_SPACE_CUID</boName>
		<childClassNames></childClassNames>
	</objectRelationList>

    <!--PDHSYSTEM-->
	<objectRelationList>
		<className>PDH_SYSTEM</className>
		<classLabelCn>PDH_SYSTEM</classLabelCn>
		<boName>RELATED_SPACE_CUID</boName>
		<childClassNames></childClassNames>
	</objectRelationList>

    <!--WDMSYSTEM-->
	<objectRelationList>
		<className>WDM_SYSTEM</className>
		<classLabelCn>WDM_SYSTEM</classLabelCn>
		<boName>RELATED_SPACE_CUID</boName>
		<childClassNames></childClassNames>
	</objectRelationList>

    <!--机盘-->
	<objectRelationList>
		<className>CARD</className>
		<classLabelCn>机盘</classLabelCn>
		<boName></boName>
        <childClassNames>MSTPETHSERVICE.RELATED_CARD_CUID</childClassNames>
	</objectRelationList>

    <!--端口-->
	<objectRelationList>
		<className>PTP</className>
		<classLabelCn>端口</classLabelCn>
		<boName></boName>
        <childClassNames>MSTPBINDPATH.RELATED_TRUNKPORT_CUID</childClassNames>
	</objectRelationList>

    <!--业务网元-->
	<objectRelationList>
		<className>SWITCH_ELEMENT</className>
		<classLabelCn>业务网元</classLabelCn>
		<boName>RELATED_DISTRICT_CUID</boName>
        <parentClassNames>ROOM.RELATED_ROOM_CUID,SITE.RELATED_SITE_CUID</parentClassNames>
        <childClassNames></childClassNames>
	</objectRelationList>

    <!--业务端口-->
	<objectRelationList>
		<className>SWITCH_PORT</className>
		<classLabelCn>业务端口</classLabelCn>
		<boName>RELATED_DISTRICT_CUID</boName>
        <parentClassNames>SWITCH_ELEMENT.RELATED_NE_CUID</parentClassNames>
        <childClassNames></childClassNames>
	</objectRelationList>

    <!--同步设备-->
	<objectRelationList>
		<className>BITS</className>
		<classLabelCn>同步设备</classLabelCn>
		<boName>RELATED_DISTRICT_CUID</boName>
        <parentClassNames>ROOM.RELATED_ROOM_CUID,SITE.RELATED_SITE_CUID</parentClassNames>
        <childClassNames>CARD_BITS.RELATED_DEVICE_CUID,BITS_PORT.RELATED_NE_CUID</childClassNames>
	</objectRelationList>

    <!--客户组管理-->
	<objectRelationList>
		<className>VP_GROUP</className>
		<classLabelCn>客户组管理</classLabelCn>
		<boName>RELATED_DISTRICT_CUID</boName>
        <childClassNames></childClassNames>
	</objectRelationList>

    <!--客户管理VP-->
	<objectRelationList>
		<className>VP</className>
		<classLabelCn>客户管理VP</classLabelCn>
		<boName>RELATED_DISTRICT_CUID</boName>
        <childClassNames></childClassNames>
	</objectRelationList>

    <!--子网-->
	<objectRelationList>
		<className>TRANS_SUB_NETWORK</className>
		<classLabelCn>子网</classLabelCn>
		<boName>RELATED_DISTRICT_CUID</boName>
        <childClassNames></childClassNames>
	</objectRelationList>

</objectRelationXModel>
