<?xml version="1.0" encoding="UTF-8"?>
<!DOCTYPE beans PUBLIC "-//SPRING//DTD BEAN//EN" "http://www.springframework.org/dtd/spring-beans.dtd">
<beans>
  <!--                    公共                          -->
  <bean id="IBoManageService" class="com.boco.raptor.bo.core.BoManageService"/>
  <bean id="IMsgBusServiceBO" class="com.boco.raptor.bo.core.MsgBusServiceBO"/>

  <bean id="IXrpcMsgServiceBO" class="com.boco.raptor.bo.core.XrpcMsgServiceBO">
  </bean>
  <bean id="SchedulerBO" class="com.boco.transnms.server.bo.scheduler.SchedulerBO"/>

  <bean id="IMessageServiceBO" class="com.boco.raptor.bo.core.MessageServiceBO">
  </bean>

  <bean id="ISystemParaBO" class="com.boco.transnms.server.bo.system.SystemParaBO">
  </bean>
    <bean id="ISystemManageBOX" class="com.boco.transnms.server.bo.user.SystemManageBOX">
  </bean>
  	<bean id="IUploadBO" class="com.boco.transnms.server.bo.upload.UploadBO"/>
  <!--                    安全                          -->
  <bean id="IObjectSecurityBO" class="com.boco.transnms.server.bo.user.sec.SecurityObjectBO">
  </bean>
 <bean id="ISecurityBO" class="com.boco.transnms.server.bo.user.sec.SecurityBO">
  </bean>

  <bean id="IObjectSecurityBOX" class="com.boco.transnms.server.bo.user.sec.SecurityObjectBOX"/>
  <!--                    空间                          -->
  <bean id="IDistrictBO" class="com.boco.transnms.server.bo.area.DistrictBO"/>
  <bean id="IDistrictBOX" class="com.boco.transnms.server.bo.area.DistrictBOX"/>
  <bean id="ISiteBO" class="com.boco.transnms.server.bo.area.SiteBO"/>
  <bean id="IRoomBO" class="com.boco.transnms.server.bo.area.RoomBO"/>
  <bean id="IFloorBO" class="com.boco.transnms.server.bo.area.FloorBO"/>

  <bean id="IObjectOperateLogBO" class="com.boco.transnms.server.bo.cm.ObjectOperateLogBO"/>
  <bean id="IAllPicsBO" class="com.boco.transnms.server.bo.topo.AllPicsBO"/>
  <bean id="IIconBO" class="com.boco.transnms.server.bo.topo.IconBO"/>
  <bean id="IMapToObjectBO" class="com.boco.transnms.server.bo.topo.MapToObjectBO"/>
  <bean id="IThemeMapBO" class="com.boco.transnms.server.bo.topo.ThemeMapBO"/>
  <bean id="IThemeMapToObjectBO" class="com.boco.transnms.server.bo.topo.ThemeMapToObjectBO"/>

  <bean id="IVersionManagerBO" class="com.boco.transnms.server.bo.system.versionmanager.VersionManagerBO"/>
  <bean id="IEnumBO" class="com.boco.transnms.server.bo.misc.EnumBO"/>
  <bean id="ISystemMapBO" class="com.boco.transnms.server.bo.topo.SystemMapBO"/>
  <bean id="ICallBoardBO" class="com.boco.transnms.server.bo.system.callboard.CallBoardBO"/>
  <bean id="IEMBO" class="com.boco.transnms.server.bo.nmc.EMBO"/>

  <bean id="ITemplateGroupBO" class="com.boco.transnms.server.bo.common.TemplateGroupBO"/>
  <bean id="IRelationPropertyLoadBO" class="com.boco.transnms.server.bo.common.RelationPropertyLoadBO"/>
  <bean id="ITemplateBOX" class="com.boco.transnms.server.bo.common.TemplateBOX"/>
  <!-- <bean id="IGenericObjectManagerBO" class="com.boco.transnms.server.bo.common.GenericObjManagerBO"/>-->

    <!--                    设备                          -->
  <bean id="IDeviceVendorBO" class="com.boco.transnms.server.bo.customer.DeviceVendorBO"/>
  <bean id="IServiceParamBO" class="com.boco.transnms.server.bo.common.ServiceParamBO"/>
  <bean id="IColumnConfigBO" class="com.boco.transnms.server.bo.common.ColumnConfigBO"/>

	<!--                    邮件                         -->
  <bean id="IMailInfoBO" class="com.boco.transnms.server.bo.alarm.MailInfoBO"/>
  	<!--                    电路                         -->
  <bean id="IDefaultSiteSettingBO" class="com.boco.transnms.server.bo.traph.DefaultSiteSettingBO"/>
  
  <!-- 网管组织图 -->
  <bean id="ISystemDevManageBO" class="com.boco.transnms.server.bo.user.SystemDevManagerBO"/>
</beans>