<?xml version="1.0" encoding="UTF-8"?>
<!DOCTYPE beans PUBLIC "-//SPRING//DTD BEAN//EN" "http://www.springframework.org/dtd/spring-beans.dtd">
<!--
  - Middle tier application context definition for the image database.
-->
<beans>
  <!--                    公共                          -->
  <bean id="GenericDAO" class="com.boco.transnms.server.dao.base.GenericDAO"/>
  <bean id="CachedObjectDAO" class="com.boco.transnms.server.dao.base.CachedObjectDAO"/>
  <bean id="MemCachedObjectDAO" class="com.boco.transnms.server.dao.base.MemCachedObjectDAO"/>
  <!-- <bean id="DtObjectDAO" class="com.boco.transnms.server.dao.base.DtObjectDAO"/>
  <bean id="GenericOmpDAO" class="com.boco.transnms.server.dao.base.GenericOmpDAO"/>-->
  <bean id="GenericObjectDAO" class="com.boco.transnms.server.dao.base.GenericObjectDAO"/>
  <!--<bean id="GenericDbCacheDAO" class="com.boco.transnms.server.dao.common.GenericDbCacheDAO"/>
  <bean id="ExObjectDAO" class="com.boco.transnms.server.dao.base.ExObjectDAO"/>
  <bean id="GenericObjectManagerDAO" class="com.boco.transnms.server.dao.common.GenericObjectManagerDAO"/>-->
  <bean id="EnumDAO" class="com.boco.transnms.server.dao.misc.EnumDAO"/>
  <bean id="ColumnConfigDAO" class="com.boco.transnms.server.dao.common.ColumnConfigDAO"/>
  <bean id="CommonDAO" class="com.boco.transnms.server.dao.common.CommonDAO"/>
  <bean id="SystemParaDAO" class="com.boco.transnms.server.dao.system.SystemParaDAO"/>

  <!--                    安全                          -->
  <bean id="SecurityDAO" class="com.boco.transnms.server.dao.user.sec.SecurityDAO"/>
  <bean id="SecurityObjectDAO" class="com.boco.transnms.server.dao.user.sec.SecurityObjectDAO"/>
  <bean id="EmployeeDAO" class="com.boco.transnms.server.dao.user.employee.EmployeeDAO"/>
  <bean id="WorkflowLogDAO" class="com.boco.transnms.server.dao.user.WorkflowLogDAO"/>


  <bean id="DistrictDAO" class="com.boco.transnms.server.dao.area.DistrictDAO"/>
  <bean id="FloorDAO" class="com.boco.transnms.server.dao.area.FloorDAO"/>
  <bean id="RoomDAO" class="com.boco.transnms.server.dao.area.RoomDAO"/>
  <bean id="SiteDAO" class="com.boco.transnms.server.dao.area.SiteDAO"/>
  <bean id="EMDAO" class="com.boco.transnms.server.dao.nmc.EMDAO"/>


  <!--日志操作-->
  <bean id="ObjectOperateLogDAO" class="com.boco.transnms.server.dao.cm.ObjectOperateLogDAO"/>

  <bean id="SchedulerDAO" class="com.boco.transnms.server.dao.scheduler.SchedulerDAO"/>
    <!--                          公告附件                              -->
  <bean id="CallboardAttachDAO" class="com.boco.transnms.server.dao.system.callboard.CallboardAttachDAO"/>

  <!--   系统管理                      -->
  <bean id="CallBoardDAO" class="com.boco.transnms.server.dao.system.callboard.CallBoardDAO"/>
  <bean id="ObjinfoChangeDAO" class="com.boco.transnms.server.dao.system.objinfochange.ObjinfoChangeDAO"/>
  <bean id="ProvinceServerCfgDAO" class="com.boco.transnms.server.dao.system.provinceservercfg.ProvinceServerCfgDAO"/>
  <bean id="RelatedObjDAO" class="com.boco.transnms.server.dao.system.relatedobject.RelatedObjDAO"/>
  <bean id="VersionManagerDAO" class="com.boco.transnms.server.dao.system.versionmanager.VersionManagerDAO"/>

    <!--IP地址管理-->
  <bean id="IpaddrInfoDAO" class="com.boco.transnms.server.dao.system.ipaddrInfo.IpaddrInfoDAO"/>

  <bean id="AllPicsDAO" class="com.boco.transnms.server.dao.topo.AllPicsDAO"/>
	<bean id="ThemeMapDAO" class="com.boco.transnms.server.dao.topo.ThemeMapDAO"/>
  <bean id="ThemeMapToObjectDAO" class="com.boco.transnms.server.dao.topo.ThemeMapToObjectDAO"/>
  <bean id="SystemMapDAO" class="com.boco.transnms.server.dao.topo.SystemMapDAO"/>
  <bean id="MapToObjectDAO" class="com.boco.transnms.server.dao.topo.MapToObjectDAO"/>
	<bean id="IconDAO" class="com.boco.transnms.server.dao.topo.IconDAO"/>
    <bean id="TemplateDAO" class="com.boco.transnms.server.dao.common.TemplateDAO"/>
  <bean id="TemplateGroupDAO" class="com.boco.transnms.server.dao.common.TemplateGroupDAO"/>
  <bean id="DeviceVendorDAO" class="com.boco.transnms.server.dao.customer.DeviceVendorDAO"/>
  <bean id="ServiceParamDAO" class="com.boco.transnms.server.dao.common.ServiceParamDAO"/>
  <!-- 邮件 -->
  <bean id="MailInfoDAO" class="com.boco.transnms.server.dao.alarm.MailInfoDAO"/>
  <!-- 电路 -->
  <bean id="DefaultSiteSettingDAO" class="com.boco.transnms.server.dao.traph.DefaultSiteSettingDAO"/>
</beans>
