<?xml version="1.0" encoding="UTF-8"?>
<!DOCTYPE beans PUBLIC "-//SPRING//DTD BEAN//EN" "http://www.springframework.org/dtd/spring-beans.dtd">

<beans>
	<bean id="UserTranscInterceptor" class="com.boco.raptor.common.db.transaction._UserTranscInterceptor" />

	<bean id="BeanNameAutoProxyCreator" class="org.springframework.aop.framework.autoproxy.BeanNameAutoProxyCreator" >
	  	<property name="beanNames"><value>*BO</value></property>
	  	<property name="interceptorNames">
	  			<list>
	  					<value>UserTranscInterceptor</value>
	  			</list>
	  	</property>
	</bean>

	<!--bean id="MySecBO" class="test.MySecBO" />
	<bean id="TestBO" class="test.TestBO" /-->
  <bean id="XrpcMsgServiceBO" class="com.boco.raptor.bo.core.XrpcMsgServiceBO" />
  <bean id="MessageServiceBO" class="com.boco.raptor.bo.core.MessageServiceBO" />
  <bean id="MetadataServiceBO" class="com.boco.raptor.bo.core.MetadataServiceBO" />
</beans>
