<?xml version="1.0" encoding="UTF-8" ?>
<configuration scan="true">
	<appender name="RTU-INFO"
		class="ch.qos.logback.core.rolling.RollingFileAppender">
		<!-- See also http://logback.qos.ch/manual/appenders.html#RollingFileAppender -->
		<File>${catalina.base}${file.separator}logs${file.separator}${TNMS_LOG_HOME}${file.separator}tnms-rtu.log
		</File>
		<encoder>
			<pattern>[%.1level]%date{MM-dd HH:mm:ss:SSS}[%thread]%class{0}.%line:%msg%n</pattern>
		</encoder>
		<filter class="ch.qos.logback.classic.filter.ThresholdFilter">
			<level>INFO</level>
		</filter>
		<rollingPolicy class="ch.qos.logback.core.rolling.FixedWindowRollingPolicy">
			<maxIndex>100</maxIndex>
			<FileNamePattern>${catalina.base}${file.separator}logs${file.separator}${TNMS_LOG_HOME}${file.separator}tnms-rtu.%i.log.zip
			</FileNamePattern>
		</rollingPolicy>
		<triggeringPolicy
			class="ch.qos.logback.core.rolling.SizeBasedTriggeringPolicy">
			<MaxFileSize>100MB</MaxFileSize>
		</triggeringPolicy>
	</appender>
	<appender name="MQ"
		class="ch.qos.logback.core.rolling.RollingFileAppender">
		<!-- See also http://logback.qos.ch/manual/appenders.html#RollingFileAppender -->
		<File>${catalina.base}${file.separator}logs${file.separator}${TNMS_LOG_HOME}${file.separator}tnms-mq.log
		</File>
		<encoder>
			<pattern>[%.1level]%date{MM-dd HH:mm:ss:SSS}[%thread]%class{0}.%line:%msg%n</pattern>
		</encoder>
		<filter class="ch.qos.logback.classic.filter.ThresholdFilter">
			<level>INFO</level>
		</filter>
		<rollingPolicy class="ch.qos.logback.core.rolling.FixedWindowRollingPolicy">
			<maxIndex>100</maxIndex>
			<FileNamePattern>${catalina.base}${file.separator}logs${file.separator}${TNMS_LOG_HOME}${file.separator}tnms-mq.%i.log.zip
			</FileNamePattern>
		</rollingPolicy>
		<triggeringPolicy
			class="ch.qos.logback.core.rolling.SizeBasedTriggeringPolicy">
			<MaxFileSize>100MB</MaxFileSize>
		</triggeringPolicy>
	</appender>
	<appender name="INSP-INFO"
		class="ch.qos.logback.core.rolling.RollingFileAppender">
		<!-- See also http://logback.qos.ch/manual/appenders.html#RollingFileAppender -->
		<File>${catalina.base}${file.separator}logs${file.separator}${TNMS_LOG_HOME}${file.separator}tnms-insp.log
		</File>
		<encoder>
			<pattern>[%.1level]%date{MM-dd HH:mm:ss:SSS}[%thread]%class{0}.%line:%msg%n</pattern>
		</encoder>
		<filter class="ch.qos.logback.classic.filter.ThresholdFilter">
			<level>INFO</level>
		</filter>
		<rollingPolicy class="ch.qos.logback.core.rolling.FixedWindowRollingPolicy">
			<maxIndex>100</maxIndex>
			<FileNamePattern>${catalina.base}${file.separator}logs${file.separator}${TNMS_LOG_HOME}${file.separator}tnms-insp.%i.log.zip
			</FileNamePattern>
		</rollingPolicy>
		<triggeringPolicy
			class="ch.qos.logback.core.rolling.SizeBasedTriggeringPolicy">
			<MaxFileSize>100MB</MaxFileSize>
		</triggeringPolicy>
	</appender>
	<appender name="TNMS-CMCHANGE-INFO"
		class="ch.qos.logback.core.rolling.RollingFileAppender">
		<!-- See also http://logback.qos.ch/manual/appenders.html#RollingFileAppender -->
		<File>${catalina.base}${file.separator}logs${file.separator}${TNMS_LOG_HOME}${file.separator}tnms-conf-change.log
		</File>
		<encoder>
			<pattern>[%.1level]%date{MM-dd HH:mm:ss:SSS}[%thread]%class{0}.%line:%msg%n</pattern>
		</encoder>
		<filter class="ch.qos.logback.classic.filter.ThresholdFilter">
			<level>INFO</level>
		</filter>
		<rollingPolicy class="ch.qos.logback.core.rolling.FixedWindowRollingPolicy">
			<maxIndex>100</maxIndex>
			<FileNamePattern>${catalina.base}${file.separator}logs${file.separator}${TNMS_LOG_HOME}${file.separator}tnms-conf-change.%i.log.zip
			</FileNamePattern>
		</rollingPolicy>
		<triggeringPolicy
			class="ch.qos.logback.core.rolling.SizeBasedTriggeringPolicy">
			<MaxFileSize>100MB</MaxFileSize>
		</triggeringPolicy>
	</appender>
	<appender name="LogConsole" class="ch.qos.logback.core.ConsoleAppender">
		<encoder>
			<pattern>[%.1level]%date{MM-dd HH:mm:ss:SSS}[%thread]%class{0}.%line:%msg%n
			</pattern>
		</encoder>
		<filter class="ch.qos.logback.classic.filter.ThresholdFilter">
			<level>INFO</level>
		</filter>
	</appender>
	<appender name="TNMS-APP-INFO"
		class="ch.qos.logback.core.rolling.RollingFileAppender">
		<!-- See also http://logback.qos.ch/manual/appenders.html#RollingFileAppender -->
		<File>${catalina.base}${file.separator}logs${file.separator}${TNMS_LOG_HOME}${file.separator}tnms-info.log
		</File>
		<encoder>
			<pattern>[%.1level]%date{MM-dd HH:mm:ss:SSS}[%thread]%class{0}.%line:%msg%n</pattern>
		</encoder>
		<filter class="ch.qos.logback.classic.filter.ThresholdFilter">
			<level>INFO</level>
		</filter>
		<rollingPolicy class="ch.qos.logback.core.rolling.TimeBasedRollingPolicy"> 
		    <maxHistory>30</maxHistory>
	      <fileNamePattern>${catalina.base}${file.separator}logs${file.separator}${TNMS_LOG_HOME}${file.separator}tnms-info.%d{yyyy-MM-dd}.%i.log.zip</fileNamePattern> 
	      <timeBasedFileNamingAndTriggeringPolicy class="ch.qos.logback.core.rolling.SizeAndTimeBasedFNATP"> 
	        <maxFileSize>100MB</maxFileSize> 
	      </timeBasedFileNamingAndTriggeringPolicy> 
	  </rollingPolicy> 
		<!--
		<rollingPolicy class="ch.qos.logback.core.rolling.FixedWindowRollingPolicy">
			<maxIndex>100</maxIndex>
			<FileNamePattern>${catalina.base}${file.separator}logs${file.separator}${TNMS_LOG_HOME}${file.separator}tnms-info.%i.log.zip
			</FileNamePattern>
		</rollingPolicy>
		<triggeringPolicy
			class="ch.qos.logback.core.rolling.SizeBasedTriggeringPolicy">
			<MaxFileSize>100MB</MaxFileSize>
		</triggeringPolicy>-->
	</appender>
	<appender name="TNMS-APP-WARN"
		class="ch.qos.logback.core.rolling.RollingFileAppender">
		<!-- See also http://logback.qos.ch/manual/appenders.html#RollingFileAppender -->
		<File>${catalina.base}${file.separator}logs${file.separator}${TNMS_LOG_HOME}${file.separator}tnms-error.log
		</File>
		<encoder>
			<pattern>[%.1level]%date{MM-dd HH:mm:ss:SSS}[%thread]%class{0}.%method.%line:%msg%n</pattern>
		</encoder>
		<filter class="ch.qos.logback.classic.filter.ThresholdFilter">
			<level>ERROR</level>
		</filter>
		<rollingPolicy class="ch.qos.logback.core.rolling.TimeBasedRollingPolicy">
		    <maxHistory>30</maxHistory>
	      <fileNamePattern>${catalina.base}${file.separator}logs${file.separator}${TNMS_LOG_HOME}${file.separator}tnms-error.%d{yyyy-MM-dd}.%i.log.zip</fileNamePattern> 
	      <timeBasedFileNamingAndTriggeringPolicy class="ch.qos.logback.core.rolling.SizeAndTimeBasedFNATP"> 
	        <maxFileSize>100MB</maxFileSize> 
	      </timeBasedFileNamingAndTriggeringPolicy> 
	  </rollingPolicy> 
		<!--
		<rollingPolicy class="ch.qos.logback.core.rolling.FixedWindowRollingPolicy">
			<maxIndex>100</maxIndex>
			<FileNamePattern>${catalina.base}${file.separator}logs${file.separator}${TNMS_LOG_HOME}${file.separator}tnms-error.%i.log.zip
			</FileNamePattern>
		</rollingPolicy>
		<triggeringPolicy
			class="ch.qos.logback.core.rolling.SizeBasedTriggeringPolicy">
			<MaxFileSize>100MB</MaxFileSize>
		</triggeringPolicy>-->
	</appender>
	<logger name="RTU" level="INFO">
		<appender-ref ref="RTU-INFO" />
	</logger>
	<logger name="com.boco.raptor.common.message" level="INFO">
		<appender-ref ref="MQ" />
	</logger>
	<logger name="INSP" level="INFO">
		<appender-ref ref="INSP-INFO" />
	</logger>
	<logger name="CMCHANGE" level="INFO">
		<appender-ref ref="TNMS-CMCHANGE-INFO" />
	</logger>
	<root level="DEBUG">
		<appender-ref ref="LogConsole" />
		<appender-ref ref="TNMS-APP-INFO" />
		<appender-ref ref="TNMS-APP-WARN" />
	</root>
</configuration>