<?xml version="1.0" encoding="UTF-8"?>
<!DOCTYPE beans PUBLIC "-//SPRING//DTD BEAN//EN" "http://www.springframework.org/dtd/spring-beans.dtd">

<beans>
	<bean id="AlarmXrpcMsgPublisher" class="com.boco.raptor.common.message.xrpc.XrpcMsgPublisher">
		<constructor-arg><value>topic/AlarmTopic</value></constructor-arg>
	</bean>

	<bean id="NpnAlarmXrpcMsgPublisher" class="com.boco.raptor.common.message.xrpc.XrpcMsgPublisher">
		<constructor-arg><value>topic/NpnAlarmTopic</value></constructor-arg>
	</bean>

	<bean id="MsgPubSubFactory" class="com.boco.raptor.common.message.MsgPubSubFactory" factory-method="getInstance">
		<property name="msgPublishers">
			<list>
				<ref bean="AlarmXrpcMsgPublisher"/>
				<ref bean="NpnAlarmXrpcMsgPublisher"/>
			</list>
		</property>
	</bean>
</beans>
