<?xml version="1.0" encoding="UTF-8"?>
<!DOCTYPE beans PUBLIC "-//SPRING//DTD BEAN//EN" "http://www.springframework.org/dtd/spring-beans.dtd">

<beans>
	<bean id="resCache" class="com.boco.transnms.server.dao.base.CacheManager">
		<property name="cacheClassNames">
			<map>
				<entry key="DISTRICT"><value></value></entry>
				<entry key="SITE"><value></value></entry>
				<entry key="ROOM"><value></value></entry>
				<entry key="FLOOR"><value></value></entry>
				<entry key="SYS_USER"><value></value></entry>
				<entry key="NMS_SYSTEM"><value></value></entry>
				<entry key="SDH_SYSTEM"><value></value></entry>
				<entry key="WDM_SYSTEM"><value></value></entry>
				<entry key="TOPO_LINK"><value></value></entry>
				<entry key="TRANS_SUB_NETWORK"><value></value></entry>
				<entry key="TRANS_ELEMENT"><value></value></entry>
				<entry key="SN_NE"><value></value></entry>
				<entry key="DEVICE_VENDOR"><value></value></entry>
				<entry key="CARD_KIND"><value></value></entry>
				<entry key="NE_MODEL_CFG_TYPE"><value></value></entry>
				<entry key="RTU"><value></value></entry>
				
				<entry key="WIRE_SYSTEM"><value></value></entry>
				<entry key="DUCT_SYSTEM"><value></value></entry>
				<entry key="POLEWAY_SYSTEM"><value></value></entry>
				<entry key="STONEWAY_SYSTEM"><value></value></entry>
				<entry key="UP_LINE"><value></value></entry>
				<entry key="HANG_WALL"><value></value></entry>
				<entry key="SYSTEM_MAP"><value></value></entry>
				<entry key="THEME_MAP"><value></value></entry>
				<entry key="THEME_MAP_TO_OBJECT"><value></value></entry>
            </map>
		</property>
		<property name="notifyClassNames">
			<list>
				<value>DISTRICT</value>
				<value>DEVICE_VENDOR</value>
				<value>FLOOR</value>
				<value>NMS_SYSTEM</value>
				<value>TRANS_ELEMENT</value>
				<value>SITE</value>
				<value>ROOM</value>
				<value>SYS_USER</value>
				<value>CARD_KIND</value>
				<value>NE_MODEL_CFG_TYPE</value>
				
				<value>TRAPH</value>
				<value>PROJECT_NE_TASK</value>
				<value>PROJECT_NE_TASK_NE</value>
				<value>PROJECT_NE_TASK_RELALARM</value>
				<value>FUNCTION_TREE_NODE</value>
				<value>USER_HAVE_OBJECT</value>
				<value>USER_HAVE_ROLE</value>
				<value>ROLE_CONSIST_OF_FUN_POINT</value>
				<value>USER_ROLE</value>
				<value>USER_MANAGE_DISTRICT</value>
				<value>RTU</value>
				<value>PTP</value>
				<value>CARD</value>
				<value>NE_TO_EMS</value>
			</list>
		</property>
	</bean>
	<bean id="alarmCache" class="com.boco.transnms.server.dao.base.CacheManager">
		<property name="syncLoad">
			<value>true</value>
		</property>
		<property name="cacheLoaders">
			<map>
				<entry key="CURRENT_ALARM">
					<value>com.boco.transnms.common.cache.TnmsCacheLoader</value>
				</entry>
			</map>
		</property>
		<property name="cacheClassNames">
			<map>
				<entry key="DISTRICT"><value></value></entry>
				<entry key="SITE"><value></value></entry>
				<entry key="ROOM"><value></value></entry>
				<entry key="SYS_USER"><value></value></entry>
				<entry key="NMS_SYSTEM"><value></value></entry>
				<entry key="TRANS_ELEMENT"><value></value></entry>
				<entry key="CURRENT_ALARM"><value>BIGMEM</value></entry>
				<entry key="DEVICE_VENDOR"><value></value></entry>
				<entry key="VENDOR_ALARM"><value></value></entry>
				<entry key="CARD_KIND"><value></value></entry>
				<entry key="ALARM_STANDARD"><value></value></entry>
				<entry key="NE_MODEL_CFG_TYPE"><value></value></entry>
			</map>
		</property>
	</bean>


	<bean id="TnmsCacheManagerFactory"
		class="com.boco.transnms.server.dao.base.TnmsCacheManagerFactory"
		factory-method="getInstance">
		<property name="cacheType">
			<value>LOCAL</value>
		</property>
		<property name="syncTopicName">
			<value>T_CM_SVR_CACHE_SYNC</value>
		</property>
		<property name="clientSyncCache">
			<list>
				<value>DISTRICT</value>
				<value>SITE</value>
				<value>ROOM</value>
				<value>SYS_USER</value>
				<!--<value>TRANS_ELEMENT</value>-->
			</list>
		</property>
		<property name="cacheManagers">
			<map>
				<entry key="RES" value-ref="resCache" />
				<entry key="ALARM" value-ref="alarmCache" />
			</map>
		</property>
	</bean>

	<bean id="devRuleCache" class="com.boco.transnms.common.cache.GenericDaoCache">
		<constructor-arg>
			<value>DevSyncCommonBO</value>
		</constructor-arg>
		<constructor-arg>
			<value>ruleMap</value>
		</constructor-arg>
	</bean>
	<bean id="runTimeCache" class="com.boco.transnms.common.cache.GenericDaoCache">
		<constructor-arg>
			<value>RT_BO</value>
		</constructor-arg>
		<constructor-arg>
			<value>RT_VAR</value>
		</constructor-arg>
	</bean>
	<bean id="monitorTraphCache" class="com.boco.transnms.common.cache.GenericDaoCache">
		<constructor-arg>
			<value>AlarmServiceBO</value>
		</constructor-arg>
		<constructor-arg>
			<value>monitorTraphMap</value>
		</constructor-arg>
	</bean>
	<bean id="emsFdnCache" class="com.boco.transnms.common.cache.GenericDaoCache">
		<constructor-arg>
			<value>DevSyncCommonBO</value>
		</constructor-arg>
		<constructor-arg>
			<value>emsFdnMap</value>
		</constructor-arg>
	</bean>

	<bean id="masterNeFdnCache" class="com.boco.transnms.common.cache.GenericDaoCache">
		<constructor-arg>
			<value>DevSyncCommonBO</value>
		</constructor-arg>
		<constructor-arg>
			<value>neFdnMap</value>
		</constructor-arg>
	</bean>
	<bean id="userDistrictRoles" class="com.boco.transnms.common.cache.GenericDaoCache">
		<constructor-arg>
			<value>SecurityBO</value>
		</constructor-arg>
		<constructor-arg>
			<value>userDistrictRoles</value>
		</constructor-arg>
	</bean>
	<bean id="roleFunctions" class="com.boco.transnms.common.cache.GenericDaoCache">
		<constructor-arg>
			<value>SecurityBO</value>
		</constructor-arg>
		<constructor-arg>
			<value>roleFunctions</value>
		</constructor-arg>
	</bean>
	<bean id="userCounts" class="com.boco.transnms.common.cache.GenericDaoCache">
		<constructor-arg>
			<value>SecurityBO</value>
		</constructor-arg>
		<constructor-arg>
			<value>userCounts</value>
		</constructor-arg>
	</bean>
	<bean id="userOnLine" class="com.boco.transnms.common.cache.GenericDaoCache">
		<constructor-arg>
			<value>SecurityBO</value>
		</constructor-arg>
		<constructor-arg>
			<value>userOnLine</value>
		</constructor-arg>
	</bean>
	<bean id="CustomCacheManager"
		class="com.boco.transnms.common.cache.CustomCacheManagerFactory"
		factory-method="getInstance">
		<property name="syncTopicName">
			<value>T_CM_CUSTOM_CACHE_SYNC</value>
		</property>
		<property name="cacheManagers">
			<map>
				<entry key="DevSyncCommonBO-ruleMap" value-ref="devRuleCache" />
				<entry key="RT_BO-RT_VAR" value-ref="runTimeCache" />
				<entry key="AlarmServiceBO-monitorTraphMap" value-ref="monitorTraphCache" />
				<entry key="DevSyncCommonBO-emsFdnMap" value-ref="emsFdnCache" />
				<entry key="DevSyncCommonBO-neFdnMap" value-ref="masterNeFdnCache" />
				<entry key="SecurityBO-userDistrictRoles" value-ref="userDistrictRoles" />
				<entry key="SecurityBO-roleFunctions" value-ref="roleFunctions" />
				<entry key="SecurityBO-userCounts" value-ref="userCounts" />
				<entry key="SecurityBO-userOnLine" value-ref="userOnLine" />
			</map>
		</property>
	</bean>

	<bean id="BoCacheCmdProxy" class="com.boco.transnms.client.model.base.BoCacheCmdProxy"
		factory-method="getInstance">
		<property name="syncTopicName">
			<value>T_CM_BO_CACHE_SYNC</value>
		</property>
		<property name="cacheActionNames">
			<map>
				<entry key="SecurityBO.getUserDistricts">
					<value>DISTRICT.MODIFY,DISTRICT.DELETE,USER_HAVE_ROLE.ADD,USER_HAVE_ROLE.MODIFY,USER_HAVE_ROLE.DELETE,SYS_USER.DELETE</value>
				</entry>
				<entry key="SecurityBO.getSysUserByCuid">
					<value>SYS_USER.MODIFY,SYS_USER.DELETE</value>
				</entry>
				<entry key="SecurityBO.getOrganizationByCuid">
					<value>ORGANIZATION.MODIFY,ORGANIZATION.DELETE</value>
				</entry>
				<entry key="SecurityBO.getAllOrganization">
					<value>ORGANIZATION.MODIFY,ORGANIZATION.DELETE,ORGANIZATION.ADD</value>
				</entry>
				<entry key="SecurityBO.isDistrictsPermitted">
					<value>DISTRICT.MODIFY,DISTRICT.DELETE,USER_HAVE_ROLE.ADD,USER_HAVE_ROLE.MODIFY,USER_HAVE_ROLE.DELETE,SYS_USER.DELETE,FUNCTION_TREE_NODE.DELETE,FUNCTION_TREE_NODE.MODIFY</value>
				</entry>
				<entry key="SecurityBO.getSysUserBySql">
					<value>SYS_USER.MODIFY,SYS_USER.DELETE,SYS_USER.ADD</value>
				</entry>
				<entry key="SecurityBO.getAllSysUser">
					<value>SYS_USER.MODIFY,SYS_USER.DELETE,SYS_USER.ADD</value>
				</entry>
				<entry key="SecurityBO.getUserByUserName">
					<value>SYS_USER.MODIFY,SYS_USER.DELETE</value>
				</entry>
				<entry key="SecurityObjectBO.getQueryFilterSqlToEMS">
					<value>DISTRICT.MODIFY,DISTRICT.DELETE,DISTRICT.ADD,USER_HAVE_ROLE.ADD,USER_HAVE_ROLE.MODIFY,USER_HAVE_ROLE.DELETE,SYS_USER.DELETE</value>
				</entry>
				<entry key="SecurityObjectBO.getQueryFilterSqlToSubNet">
					<value>DISTRICT.MODIFY,DISTRICT.DELETE,DISTRICT.ADD,USER_HAVE_ROLE.ADD,USER_HAVE_ROLE.MODIFY,USER_HAVE_ROLE.DELETE,SYS_USER.DELETE,USER_HAVE_OBJECT.ADD,USER_HAVE_OBJECT.MODIFY,USER_HAVE_OBJECT.DELETE</value>
				</entry>
				<entry key="SecurityBO.isActionValid">
					<value>DISTRICT.DELETE,DISTRICT.ADD,USER_HAVE_ROLE.ADD,USER_HAVE_ROLE.MODIFY,USER_HAVE_ROLE.DELETE,USER_ROLE.MODIFY,SYS_USER.MODIFY,SYS_USER.DELETE,FUNCTION_TREE_NODE.DELETE,FUNCTION_TREE_NODE.MODIFY</value>
				</entry>
			</map>
		</property>
	</bean>
</beans>