<?xml version="1.0" encoding="UTF-8"?>
<!DOCTYPE beans PUBLIC "-//SPRING//DTD BEAN//EN" "http://www.springframework.org/dtd/spring-beans.dtd">

<beans>
	<bean id="runTimeCache"
		class="com.boco.transnms.common.cache.GenericDaoCache">
		<constructor-arg><value>RT_BO</value></constructor-arg>
		<constructor-arg><value>RT_VAR</value></constructor-arg>
	</bean>
	<bean id="CustomCacheManager" class="com.boco.transnms.common.cache.CustomCacheManagerFactory"
		factory-method="getInstance">
		<property name="syncTopicName"><value>T_SERVER_CUSTOM_CACHE_SYNC</value></property>
		<property name="cacheManagers">
			<map>
				<entry key="RT_BO-RT_VAR" value-ref="runTimeCache"/>
			</map>
		</property>
	</bean>
</beans>



