﻿<?xml version="1.0" encoding="UTF-8"?>
<!DOCTYPE beans PUBLIC "-//SPRING//DTD BEAN//EN" "http://www.springframework.org/dtd/spring-beans.dtd">
<!--
  - Middle tier application context definition for the image database.
-->
<beans>
  <!--                    公共                          -->
  <bean id="GenericDAO" class="com.boco.transnms.server.dao.base.GenericDAO"/>
  <bean id="CachedObjectDAO" class="com.boco.transnms.server.dao.base.CachedObjectDAO"/>
  <bean id="DtObjectDAO" class="com.boco.transnms.server.dao.base.DtObjectDAO"/>
  <bean id="GenericOmpDAO" class="com.boco.transnms.server.dao.base.GenericOmpDAO"/>
  <bean id="GenericObjectDAO" class="com.boco.transnms.server.dao.base.GenericObjectDAO"/>
  <bean id="GenericDbCacheDAO" class="com.boco.transnms.server.dao.common.GenericDbCacheDAO"/>
  <bean id="ExObjectDAO" class="com.boco.transnms.server.dao.base.ExObjectDAO"/>
  <bean id="GenericObjectManagerDAO" class="com.boco.transnms.server.dao.common.GenericObjectManagerDAO"/>
  <bean id="GroovyExportDAO" class="com.boco.transnms.server.dao.common.GroovyExportDAO"/>
  <bean id="RoomRemoveDAO" class="com.boco.transnms.server.dao.area.RoomRemoveDAO"/>
  <bean id="EnumDAO" class="com.boco.transnms.server.dao.misc.EnumDAO"/>
  <bean id="TemplateDAO" class="com.boco.transnms.server.dao.common.TemplateDAO"/>
  <bean id="TemplateGroupDAO" class="com.boco.transnms.server.dao.common.TemplateGroupDAO"/>
  <bean id="SystemParaDAO" class="com.boco.transnms.server.dao.system.SystemParaDAO"/>
  <bean id="ColumnConfigDAO" class="com.boco.transnms.server.dao.common.ColumnConfigDAO"/>
  <!--                    安全                          -->
  <bean id="SecurityDAO" class="com.boco.transnms.server.dao.user.sec.SecurityDAO"/>
  <bean id="SecurityObjectDAO" class="com.boco.transnms.server.dao.user.sec.SecurityObjectDAO"/>
  <bean id="EmployeeDAO" class="com.boco.transnms.server.dao.user.employee.EmployeeDAO"/>
  <bean id="WorkflowLogDAO" class="com.boco.transnms.server.dao.user.WorkflowLogDAO"/>
  <!---               初始化数据加载                -->
  <bean id="DataDAO" class="com.boco.transnms.server.dao.misc.DataDAO"/>
  <!---              服务提供商                    -->
  <bean id="SpDAO" class="com.boco.transnms.server.dao.customer.sp.SpDAO"/>
  <bean id="VipDAO" class="com.boco.transnms.server.dao.customer.vip.VipDAO"/>
  <bean id="NetworkOperatorDAO" class="com.boco.transnms.server.dao.customer.networkoperator.NetworkOperatorDAO"/>
  <bean id="RelatedVendorDAO" class="com.boco.transnms.server.dao.customer.relatedvendor.RelatedVendorDAO"/>
  <!---              调度                          -->
  <bean id="AttempDetailDAO" class="com.boco.transnms.server.dao.traph.AttempDetailDAO"/>
  <bean id="MixAttempDAO" class="com.boco.transnms.server.dao.traph.MixAttempDAO"/>
  <!--                    空间                          -->
  <bean id="DistrictDAO" class="com.boco.transnms.server.dao.area.DistrictDAO"/>
  <bean id="SiteDAO" class="com.boco.transnms.server.dao.area.SiteDAO"/>
  <bean id="RoomDAO" class="com.boco.transnms.server.dao.area.RoomDAO"/>
  <bean id="FloorDAO" class="com.boco.transnms.server.dao.area.FloorDAO"/>
  <!--                    段层管理                          -->
  <bean id="MultiplexSegDAO" class="com.boco.transnms.server.dao.segment.MultiplexSegDAO"/>
  <bean id="RegSegDAO" class="com.boco.transnms.server.dao.segment.RegSegDAO"/>
  <bean id="OpticalMultiplexSegDAO" class="com.boco.transnms.server.dao.segment.OpticalMultiplexSegDAO"/>
  <bean id="OpticalTransSegDAO" class="com.boco.transnms.server.dao.segment.OpticalTransSegDAO"/>
  <!--                    设备                          -->
  <bean id="DeviceVendorDAO" class="com.boco.transnms.server.dao.customer.DeviceVendorDAO"/>
  <bean id="CardDAO" class="com.boco.transnms.server.dao.equip.CardDAO"/>
  <bean id="CardTypeDAO" class="com.boco.transnms.server.dao.equip.CardTypeDAO"/>
  <bean id="PTPDAO" class="com.boco.transnms.server.dao.equip.PTPDAO"/>
  <bean id="CTPDAO" class="com.boco.transnms.server.dao.equip.CTPDAO"/>
  <bean id="RackDAO" class="com.boco.transnms.server.dao.equip.RackDAO"/>
  <bean id="MiscrackDAO" class="com.boco.transnms.server.dao.equip.MiscrackDAO"/>
  <bean id="ShelfDAO" class="com.boco.transnms.server.dao.equip.ShelfDAO"/>
  <bean id="EquipmentHolderDAO" class="com.boco.transnms.server.dao.equip.EquipmentHolderDAO"/>
  <bean id="PhyDdfDAO" class="com.boco.transnms.server.dao.equip.PhyDdfDAO"/>
  <bean id="PhyDdmDAO" class="com.boco.transnms.server.dao.equip.PhyDdmDAO"/>
  <bean id="PhyDdfPortDAO" class="com.boco.transnms.server.dao.equip.PhyDdfPortDAO"/>
  <bean id="PhyOdfDAO" class="com.boco.transnms.server.dao.equip.PhyOdfDAO"/>
  <bean id="PhyOdmDAO" class="com.boco.transnms.server.dao.equip.PhyOdmDAO"/>
  <bean id="PhyOdfPortDAO" class="com.boco.transnms.server.dao.equip.PhyOdfPortDAO"/>
  <bean id="SwitchPortDAO" class="com.boco.transnms.server.dao.equip.SwitchPortDAO"/>
  <bean id="SwitcherDAO" class="com.boco.transnms.server.dao.equip.SwitcherDAO"/>
  <bean id="JumpPairDAO" class="com.boco.transnms.server.dao.equip.JumpPairDAO"/>
  <bean id="JumpFiberDAO" class="com.boco.transnms.server.dao.equip.JumpFiberDAO"/>
  <bean id="CrossConnectDAO" class="com.boco.transnms.server.dao.equip.CrossConnectDAO"/>
  <bean id="InterCableDAO" class="com.boco.transnms.server.dao.equip.InterCableDAO"/>
  <bean id="LinePairDAO" class="com.boco.transnms.server.dao.equip.LinePairDAO"/>
  <bean id="InterWireDAO" class="com.boco.transnms.server.dao.equip.InterWireDAO"/>
  <bean id="SynElementDAO" class="com.boco.transnms.server.dao.equip.SynElementDAO"/>
  <bean id="CardBitsDAO" class="com.boco.transnms.server.dao.equip.CardBitsDAO"/>
  <bean id="BitsPortDAO" class="com.boco.transnms.server.dao.equip.BitsPortDAO"/>
  <bean id="MstpBindPathDAO" class="com.boco.transnms.server.dao.equip.MstpBindPathDAO"/>
  <bean id="MstpEthServiceDAO" class="com.boco.transnms.server.dao.equip.MstpEthServiceDAO"/>
  <bean id="SdhBitsDAO" class="com.boco.transnms.server.dao.equip.SdhBitsDAO"/>
  <bean id="SdhBitsOriginfoDAO" class="com.boco.transnms.server.dao.equip.SdhBitsOriginfoDAO"/>
  <bean id="PtnPortBandingDAO" class="com.boco.transnms.server.dao.equip.PtnPortBandingDAO"/>
  <!--                    配置                          -->
  <bean id="EMSDAO" class="com.boco.transnms.server.dao.topo.EMSDAO"/>
  <bean id="TransSystemDAO" class="com.boco.transnms.server.dao.topo.TransSystemDAO"/>
  <bean id="SubNetWorkDAO" class="com.boco.transnms.server.dao.topo.SubNetWorkDAO"/>
  <bean id="ElementDAO" class="com.boco.transnms.server.dao.equip.ElementDAO"/>
  <bean id="TopoLinkDAO" class="com.boco.transnms.server.dao.topo.TopoLinkDAO"/>
  <bean id="InnerTopoLinkDAO" class="com.boco.transnms.server.dao.topo.InnerTopoLinkDAO"/>
  <bean id="EmsConversionDAO" class="com.boco.transnms.server.dao.topo.EmsConversionDAO"/>
  <bean id="TransColorCfgDAO" class="com.boco.transnms.server.dao.common.TransColorCfgDAO"/>
  <!--                    告警			-->
  <bean id="NpnAlarmRuleDAO" class="com.boco.transnms.server.dao.alarm.NpnAlarmRuleDAO"/>
  <bean id="NpnDisplayFilterDAO" class="com.boco.transnms.server.dao.alarm.NpnDisplayFilterDAO"/>
  <bean id="CurAlarmDAO" class="com.boco.transnms.server.dao.alarm.CurAlarmDAO"/>
  <bean id="VpnCurAlarmDAO" class="com.boco.transnms.server.dao.alarm.VpnCurAlarmDAO"/>
  <bean id="VpnHisAlarmDAO" class="com.boco.transnms.server.dao.alarm.VpnHisAlarmDAO"/>
  <bean id="HistoryAlarmDAO" class="com.boco.transnms.server.dao.alarm.HistoryAlarmDAO"/>
  <bean id="AlarmColorDAO" class="com.boco.transnms.server.dao.alarm.AlarmColorDAO"/>
  <bean id="VendorAlarmDAO" class="com.boco.transnms.server.dao.alarm.VendorAlarmDAO"/>
  <bean id="AlarmToTraphDAO" class="com.boco.transnms.server.dao.alarm.AlarmToTraphDAO"/>
  <bean id="TraphGroupManageDAO" class="com.boco.transnms.server.dao.alarm.TraphGroupManageDAO"/>
  <bean id="HisalarmTraphDAO" class="com.boco.transnms.server.dao.alarm.HisalarmTraphDAO"/>
  <bean id="AlarmFilterTaskDAO" class="com.boco.transnms.server.dao.alarm.AlarmFilterTaskDAO"/>
  <bean id="AlarmNoteTaskDAO" class="com.boco.transnms.server.dao.alarm.AlarmNoteTaskDAO"/>
  <bean id="TaskAssistantDAO" class="com.boco.transnms.server.dao.alarm.TaskAssistantDAO"/>
  <bean id="AlarmAnalyseDAO" class="com.boco.transnms.server.dao.alarm.AlarmAnalyseDAO"/>
  <bean id="AlarmParaDAO" class="com.boco.transnms.server.dao.alarm.AlarmParaDAO"/>
  <bean id="MailInfoDAO" class="com.boco.transnms.server.dao.alarm.MailInfoDAO"/>
  <bean id="SmsInfoDAO" class="com.boco.transnms.server.dao.alarm.SmsInfoDAO"/>
  <bean id="AlarmCriterionDAO" class="com.boco.transnms.server.dao.alarm.AlarmCriterionDAO"/>
  <bean id="AlarmNoteTemplateDAO" class="com.boco.transnms.server.dao.alarm.AlarmNoteTemplateDAO"/>
  <bean id="AlarmRollingTemplateDAO" class="com.boco.transnms.server.dao.alarm.AlarmRollingTemplateDAO"/>
  <bean id="AlarmShieldDAO" class="com.boco.transnms.server.dao.alarm.AlarmShieldDAO"/>
  <bean id="ShieldQueryDAO" class="com.boco.transnms.server.dao.alarm.ShieldQueryDAO"/>
  <bean id="AlarmSoundRuleDAO" class="com.boco.transnms.server.dao.alarm.AlarmSoundRuleDAO"/>
  <bean id="AlarmRepeatInfoDAO" class="com.boco.transnms.server.dao.alarm.AlarmRepeatInfoDAO"/>
  <bean id="AlarmDisplayFilterDAO" class="com.boco.transnms.server.dao.alarm.AlarmDisplayFilterDAO"/>
  <bean id="AlarmSendToEMOSDAO" class="com.boco.transnms.server.dao.alarm.AlarmSendToEMOSDAO"/>
  <bean id="AlarmEffectBreakTraphDAO" class="com.boco.transnms.server.dao.alarm.AlarmEffectBreakTraphDAO"/>
  <bean id="SystemAlarmTaskDAO" class="com.boco.transnms.server.dao.alarm.SystemAlarmTaskDAO"/>
  <bean id="EomsManageDistrictDAO" class="com.boco.transnms.server.dao.alarm.EomsManageDistrictDAO"/>
   <bean id="TraphGroupDAO" class="com.boco.transnms.server.dao.alarm.TraphGroupDAO"/>
   <bean id="AlarmBackupCfgDAO" class="com.boco.transnms.server.dao.alarm.AlarmBackupCfgDAO"/>
   <bean id="AlarmStandardDAO" class="com.boco.transnms.server.dao.alarm.AlarmStandardDAO"/>
   <bean id="SuddenlyAlarmDAO" class="com.boco.transnms.server.dao.alarm.SuddenlyAlarmDAO"/>
  <bean id="NeAlarmSyncDAO" class="com.boco.transnms.server.dao.alarm.NeAlarmSyncDAO"/>
    <!-- 根告警分析-->
    <bean id="RootAlarmDAO" class="com.boco.transnms.server.dao.alarm.RootAlarmDAO" />
  <!--                    故障			-->
  <bean id="FaultInfoDAO" class="com.boco.transnms.server.dao.fault.FaultInfoDAO"/>
  <bean id="FaultRulesFiberDAO" class="com.boco.transnms.server.dao.fault.FaultRulesFiberDAO"/>
  <bean id="FaultRFConddetailDAO" class="com.boco.transnms.server.dao.fault.FaultRFConddetailDAO"/>
  <bean id="FaultAlarmDAO" class="com.boco.transnms.server.dao.fault.FaultAlarmDAO"/>
  <bean id="FaultExpertDAO" class="com.boco.transnms.server.dao.fault.FaultExpertDAO"/>
  <bean id="FaultToTraphDAO" class="com.boco.transnms.server.dao.fault.FaultToTraphDAO"/>
  <bean id="FaultDataDAO" class="com.boco.transnms.server.dao.fault.FaultDataDAO"/>
  <bean id="FaultRuleDevDAO" class="com.boco.transnms.server.dao.fault.FaultRuleDevDAO"/>
  <bean id="FaultRuleLineDAO" class="com.boco.transnms.server.dao.fault.FaultRuleLineDAO"/>
  <bean id="FaultTraphRuleDAO" class="com.boco.transnms.server.dao.fault.FaultTraphRuleDAO"/>
  <bean id="FaultDiagnoseDistrictDAO" class="com.boco.transnms.server.dao.fault.FaultDiagnoseDistrictDAO"/>
  <!--                    管线                          -->
  <bean id="DMGenericDAO" class="com.boco.transnms.server.dao.dm.DMGenericDAO"/>
  <bean id="DMRelationDAO" class="com.boco.transnms.server.dao.dm.DMRelationDAO"/>
  <bean id="DMSQLDAO" class="com.boco.transnms.server.dao.dm.DMSQLDAO"/>
  <bean id="DuctManagerDAO" class="com.boco.transnms.server.dao.dm.DuctManagerDAO"/>
  <bean id="WireSystemDAO" class="com.boco.transnms.server.dao.dm.system.wire.WireSystemDAO"/>
  <bean id="WireBranchDAO" class="com.boco.transnms.server.dao.dm.system.wire.WireBranchDAO"/>
  <bean id="WireSegDAO" class="com.boco.transnms.server.dao.dm.system.wire.WireSegDAO"/>
  <bean id="LogicWireSegDAO" class="com.boco.transnms.server.dao.dm.system.wire.LogicWireSegDAO"/>
  <bean id="WireDisplaySegDAO" class="com.boco.transnms.server.dao.dm.system.wire.WireDisplaySegDAO"/>
  <bean id="WireToDuctLineDAO" class="com.boco.transnms.server.dao.dm.system.wire.WireToDuctLineDAO"/>
  <bean id="WireRemainDAO" class="com.boco.transnms.server.dao.dm.system.wire.WireRemainDAO"/>
  <bean id="MicrowaveSystemDAO" class="com.boco.transnms.server.dao.dm.system.microwave.MicrowaveSystemDAO"/>
  <bean id="MicrowaveLineSegDAO" class="com.boco.transnms.server.dao.dm.system.microwave.MicrowaveLineSegDAO"/>
  <bean id="MicrowaveLineDisplaySegDAO" class="com.boco.transnms.server.dao.dm.system.microwave.MicrowaveLineDisplaySegDAO"/>
  <bean id="MicrowaveSegDAO" class="com.boco.transnms.server.dao.dm.system.microwave.MicrowaveSegDAO"/>
  <bean id="FiberDAO" class="com.boco.transnms.server.dao.dm.system.wire.FiberDAO"/>
  <bean id="OpticalDAO" class="com.boco.transnms.server.dao.dm.system.wire.OpticalDAO"/>
  <bean id="OpticalCheckResultDAO" class="com.boco.transnms.server.dao.dm.system.wire.OpticalCheckResultDAO"/>
  <bean id="OpticalCheckTaskDAO" class="com.boco.transnms.server.dao.dm.system.wire.OpticalCheckTaskDAO"/>
  <bean id="OpticalToFiberDAO" class="com.boco.transnms.server.dao.dm.system.wire.OpticalToFiberDAO"/>
  <bean id="OpticalWayDAO" class="com.boco.transnms.server.dao.fiber.OpticalWayDAO"/>
  <bean id="OpticalRouteDAO" class="com.boco.transnms.server.dao.fiber.OpticalRouteDAO"/>
  <bean id="OpticalToIndiPointsDAO" class="com.boco.transnms.server.dao.fiber.OpticalToIndiPointsDAO"/>
  <bean id="OpticalRouteToPathDAO" class="com.boco.transnms.server.dao.fiber.OpticalRouteToPathDAO"/>
  <bean id="AttempOpticalWayLogDAO" class="com.boco.transnms.server.dao.fiber.AttempOpticalWayLogDAO"/>
  <bean id="WireCessionDAO" class="com.boco.transnms.server.dao.cession.WireCessionDAO"/>
  <bean id="ManhleDAO" class="com.boco.transnms.server.dao.dm.endpoint.manhle.ManhleDAO"/>
  <bean id="PoleDAO" class="com.boco.transnms.server.dao.dm.endpoint.pole.PoleDAO"/>
  <bean id="StoneDAO" class="com.boco.transnms.server.dao.dm.endpoint.stone.StoneDAO"/>
  <bean id="InflexionDAO" class="com.boco.transnms.server.dao.dm.endpoint.inflexion.InflexionDAO"/>
  <bean id="PresetPointDAO" class="com.boco.transnms.server.dao.dm.endpoint.preset.PresetPointDAO"/>
  <bean id="RuleNameDAO" class="com.boco.transnms.server.dao.equip.RuleNameDAO"/>
  <bean id="LineColorCfgDAO" class="com.boco.transnms.server.dao.dm.system.LineColorCfgDAO"/>
  <bean id="SamplePointDAO" class="com.boco.transnms.server.dao.dm.endpoint.samplepoint.SamplePointDAO"/>
  <bean id="LineCrossPointDAO" class="com.boco.transnms.server.dao.dm.endpoint.linecrosspoint.LineCrossPointDAO"/>
  <bean id="LineToRoadCrossDAO" class="com.boco.transnms.server.dao.dm.endpoint.linetoroadcross.LineToRoadCrossDAO"/>
  <bean id="DuctAttachDAO" class="com.boco.transnms.server.dao.dm.DuctAttachDAO"/>
  <!--                   光交接箱         -->
  <bean id="FiberCabDAO" class="com.boco.transnms.server.dao.dm.endpoint.cab.FiberCabDAO"/>
  <!--                    光交接箱模块，端子管理                        -->
  <bean id="FibercabmoduleDAO" class="com.boco.transnms.server.dao.dm.endpoint.cab.FibercabmoduleDAO"/>
  <bean id="FcabportDAO" class="com.boco.transnms.server.dao.dm.endpoint.cab.FcabportDAO"/>
  <!--                    光分纤箱                        -->
  <bean id="FiberDpDAO" class="com.boco.transnms.server.dao.dm.endpoint.dp.FiberDpDAO"/>
  <!--                    光分纤箱端子管理                    -->
  <bean id="FiberDpPortDAO" class="com.boco.transnms.server.dao.dm.endpoint.dp.FiberDpPortDAO"/>
  <!--                    光接头盒管理                       -->
  <bean id="FiberJointBoxDAO" class="com.boco.transnms.server.dao.dm.endpoint.jointbox.FiberJointBoxDAO"/>
  <!--                    光接头盒焊点（端子）管理                    -->
  <bean id="FiberJointPointDAO" class="com.boco.transnms.server.dao.dm.endpoint.jointbox.FiberJointPointDAO"/>
  <bean id="DuctSystemDAO" class="com.boco.transnms.server.dao.dm.system.duct.DuctSystemDAO"/>
  <bean id="DuctBranchDAO" class="com.boco.transnms.server.dao.dm.system.duct.DuctBranchDAO"/>
  <bean id="DuctDisplaySegDAO" class="com.boco.transnms.server.dao.dm.system.duct.DuctDisplaySegDAO"/>
  <bean id="DuctSegDAO" class="com.boco.transnms.server.dao.dm.system.duct.DuctSegDAO"/>
  <bean id="DuctHoleDAO" class="com.boco.transnms.server.dao.dm.system.duct.DuctHoleDAO"/>
  <bean id="DuctChildHoleDAO" class="com.boco.transnms.server.dao.dm.system.duct.DuctChildHoleDAO"/>
  <bean id="PolewaySystemDAO" class="com.boco.transnms.server.dao.dm.system.poleway.PolewaySystemDAO"/>
  <bean id="PolewaySegDAO" class="com.boco.transnms.server.dao.dm.system.poleway.PolewaySegDAO"/>
  <bean id="PolewayBranchDAO" class="com.boco.transnms.server.dao.dm.system.poleway.PolewayBranchDAO"/>
  <bean id="PolewayDisplaySegDAO" class="com.boco.transnms.server.dao.dm.system.poleway.PolewayDisplaySegDAO"/>
  <bean id="CarryingCableDAO" class="com.boco.transnms.server.dao.dm.system.poleway.CarryingCableDAO"/>
  <bean id="StonewaySystemDAO" class="com.boco.transnms.server.dao.dm.system.stoneway.StonewaySystemDAO"/>
  <bean id="StonewaySegDAO" class="com.boco.transnms.server.dao.dm.system.stoneway.StonewaySegDAO"/>
  <bean id="StonewayBranchDAO" class="com.boco.transnms.server.dao.dm.system.stoneway.StonewayBranchDAO"/>
  <bean id="StonewayDisplaySegDAO" class="com.boco.transnms.server.dao.dm.system.stoneway.StonewayDisplaySegDAO"/>
  <bean id="HangWallDAO" class="com.boco.transnms.server.dao.dm.system.hangwall.HangWallDAO"/>
  <bean id="HangWallSegDAO" class="com.boco.transnms.server.dao.dm.system.hangwall.HangWallSegDAO"/>
  <bean id="HangWallDisplaySegDAO" class="com.boco.transnms.server.dao.dm.system.hangwall.HangWallDisplaySegDAO"/>
  <bean id="UpLineDAO" class="com.boco.transnms.server.dao.dm.system.upline.UpLineDAO"/>
  <bean id="UpLineSegDAO" class="com.boco.transnms.server.dao.dm.system.upline.UpLineSegDAO"/>
  <bean id="UpLineDisplaySegDAO" class="com.boco.transnms.server.dao.dm.system.upline.UpLineDisplaySegDAO"/>
  <!--                   图层配置管理-->
  <bean id="MapLayerCfgDAO" class="com.boco.transnms.server.dao.dm.MapLayerCfgDAO"/>
  <bean id="IconInfDAO" class="com.boco.transnms.server.dao.dm.IconInfDAO"/>
  <!--                   配置采集                         -->
  <bean id="ChangeMsgDAO" class="com.boco.transnms.server.dao.cm.collect.ChangeMsgDAO"/>
  <bean id="CollectDataDAO" class="com.boco.transnms.server.dao.cm.collect.CollectDataDAO"/>
  <bean id="CollectTaskDAO" class="com.boco.transnms.server.dao.cm.collect.CollectTaskDAO"/>
  <bean id="ProtectSwitchDAO" class="com.boco.transnms.server.dao.cm.collect.ProtectSwitchDAO"/>
  <bean id="NeEventInfoDAO" class="com.boco.transnms.server.dao.cm.collect.NeEventInfoDAO"/>
  <bean id="CapabilityDAO" class="com.boco.transnms.server.dao.capability.CapabilityDAO"/>
  <!--                     NMC                          -->
  <bean id="PMDAO" class="com.boco.transnms.server.dao.nmc.PMDAO"/>
  <bean id="CMDAO" class="com.boco.transnms.server.dao.nmc.CMDAO"/>
  <bean id="EMDAO" class="com.boco.transnms.server.dao.nmc.EMDAO"/>
  <!--                    拓扑                          -->
  <bean id="ThemeMapDAO" class="com.boco.transnms.server.dao.topo.ThemeMapDAO"/>
  <bean id="ThemeMapToObjectDAO" class="com.boco.transnms.server.dao.topo.ThemeMapToObjectDAO"/>
  <bean id="SystemMapDAO" class="com.boco.transnms.server.dao.topo.SystemMapDAO"/>
  <bean id="MapToObjectDAO" class="com.boco.transnms.server.dao.topo.MapToObjectDAO"/>
  <bean id="AllPicsDAO" class="com.boco.transnms.server.dao.topo.AllPicsDAO"/>
  <!--                    图例管理                          -->
  <bean id="IconDAO" class="com.boco.transnms.server.dao.topo.IconDAO"/>
  <!--                    通道                        -->
  <bean id="TransPathDAO" class="com.boco.transnms.server.dao.path.TransPathDAO"/>
  <bean id="TransSubPathDAO" class="com.boco.transnms.server.dao.path.TransSubPathDAO"/>
  <bean id="TranspathCheckTaskDAO" class="com.boco.transnms.server.dao.path.TranspathCheckTaskDAO"/>
  <bean id="TranspathCheckResultDAO" class="com.boco.transnms.server.dao.path.TranspathCheckResultDAO"/>
  <bean id="TranspathToTraphDAO" class="com.boco.transnms.server.dao.path.TranspathToTraphDAO"/>
  <bean id="TranspathCheckDetailResultDAO" class="com.boco.transnms.server.dao.path.TranspathCheckDetailResultDAO"/>
  <bean id="TransPathBlendDAO" class="com.boco.transnms.server.dao.path.TransPathBlendDAO"/>
  <bean id="TransPathBlendLogDAO" class="com.boco.transnms.server.dao.path.TransPathBlendLogDAO"/>
  <!--                    电路                        -->
  <bean id="TraphAndAttDAO" class="com.boco.transnms.server.dao.traph.TraphAndAttDAO"/>
  <bean id="AlcatelLucentDAO" class="com.boco.transnms.server.dao.traph.AlcatelLucentDAO"/>
  <bean id="DfDispatchDAO" class="com.boco.transnms.server.dao.dispatchdf.DfDispatchDAO"/>
  <!--<bean id="ApplySheetDetailDAO" class="com.boco.transnms.server.dao.workflow.ApplySheetDetailDAO" />-->
  <bean id="AlarmTraphGroupDAO" class="com.boco.transnms.server.dao.traph.AlarmTraphGroupDAO"/>
  <bean id="TraphDDFPortsCheckDAO" class="com.boco.transnms.server.dao.traph.TraphDDFPortsCheckDAO"/>
  <bean id="DevOpenSheetAutoBackUpDAO" class="com.boco.transnms.server.dao.traph.DevOpenSheetAutoBackUpDAO"/>
  <bean id="TraphAutoBackupDAO" class="com.boco.transnms.server.dao.traph.TraphAutoBackupDAO"/>
  <bean id="AttSheetReceiptSMSAlertsDAO" class="com.boco.transnms.server.dao.traph.AttSheetReceiptSMSAlertsDAO"/>
  <!--朗讯电路接口-->
  <bean id="TraphAndSheetDAO" class="com.boco.transnms.server.dao.traph.TraphAndSheetDAO"/>
  <!--                    性能                          -->
  <bean id="PmPfmDAO" class="com.boco.transnms.server.dao.perf.PmPfmDAO"/>
  <bean id="PmLimitedDAO" class="com.boco.transnms.server.dao.perf.PmLimitedDAO"/>
  <bean id="PmMonitorTaskDAO" class="com.boco.transnms.server.dao.perf.PmMonitorTaskDAO"/>
  <bean id="PmAutotestTaskDAO" class="com.boco.transnms.server.dao.perf.PmAutotestTaskDAO"/>
  <bean id="VendorPfmValueDAO" class="com.boco.transnms.server.dao.perf.VendorPfmValueDAO"/>
  <bean id="PmAutotestModelDAO" class="com.boco.transnms.server.dao.perf.PmAutotestModelDAO"/>
  <bean id="PmAutotestReportDAO" class="com.boco.transnms.server.dao.perf.PmAutotestReportDAO"/>
  <bean id="CardPerformParamDAO" class="com.boco.transnms.server.dao.perf.CardPerformParamDAO"/>
  <bean id="PortBenchemarklogDAO" class="com.boco.transnms.server.dao.perf.PortBenchemarklogDAO"/>
  <bean id="PortPerformBenchmarkDAO" class="com.boco.transnms.server.dao.perf.PortPerformBenchmarkDAO"/>
  <bean id="PerfParamGroupDAO" class="com.boco.transnms.server.dao.perf.PerfParamGroupDAO"/>
  <bean id="GmccInspDataControlDAO" class="com.boco.transnms.server.dao.perf.GmccInspDataControlDAO"/>
  <!--                    流程                          -->
  <!--
    <bean id="OutlineDAO" class="com.boco.transnms.server.dao.workflow.OutlineDAO" />
    <bean id="HandlerDAO" class="com.boco.transnms.server.dao.workflow.HandlerDAO" />
    <bean id="AttempAppSheetDAO" class="com.boco.transnms.server.dao.workflow.AttempAppSheetDAO"/>
    <bean id="AttempDgnSheetDAO" class="com.boco.transnms.server.dao.workflow.AttempDgnSheetDAO"/>
    <bean id="AttempRplSheetDAO" class="com.boco.transnms.server.dao.workflow.AttempRplSheetDAO"/>
    <bean id="AttempRplDetailSheetDAO" class="com.boco.transnms.server.dao.workflow.AttempRplDetailSheetDAO"/>
    <bean id="WfGenDAO" class="com.boco.transnms.server.dao.workflow.WfGenDAO"/>
    <bean id="SetupDAO" class="com.boco.transnms.server.dao.workflow.SetupDAO"/>
  -->
  <bean id="WorkFlowDAO" class="com.boco.transnms.server.dao.workflow.WorkFlowDAO"/>
  <bean id="AttempSmsAlarmDAO" class="com.boco.transnms.server.dao.traph.AttempSmsAlarmDAO"/>
  <!--                    统计                          -->
  <bean id="DmStatDAO" class="com.boco.transnms.server.dao.stat.DmStatDAO"/>
  <bean id="DataAccuracyDAO" class="com.boco.transnms.server.dao.stat.DataAccuracyDAO"/>
  <!--                       系统管理                      -->
  <bean id="CallBoardDAO" class="com.boco.transnms.server.dao.system.callboard.CallBoardDAO"/>
  <bean id="VersionManagerDAO" class="com.boco.transnms.server.dao.system.versionmanager.VersionManagerDAO"/>
  <bean id="ProvinceServerCfgDAO" class="com.boco.transnms.server.dao.system.provinceservercfg.ProvinceServerCfgDAO"/>
  <bean id="RelatedObjDAO" class="com.boco.transnms.server.dao.system.relatedobject.RelatedObjDAO"/>
  <bean id="ObjinfoChangeDAO" class="com.boco.transnms.server.dao.system.objinfochange.ObjinfoChangeDAO"/>
  <!--                          公告附件                              -->
  <bean id="CallboardAttachDAO" class="com.boco.transnms.server.dao.system.callboard.CallboardAttachDAO"/>
  <!--                       数据管理                      -->
  <bean id="ImportDAO" class="com.boco.transnms.server.dao.equip.ImportDAO"/>
  <!--**************************综合资源***************************************-->
  <bean id="ProjectInfoDAO" class="com.boco.transnms.server.dao.irms.dataelement.ProjectInfoDAO"/>
  <!--************************************************************************-->
  <!--接入网设备>>-->
  <!--IP地址管理-->
  <bean id="IpaddrInfoDAO" class="com.boco.transnms.server.dao.system.ipaddrInfo.IpaddrInfoDAO"/>
  <!--其它设备>>-->
  <!--机历卡>>-->
  <bean id="DevInfoRecordDAO" class="com.boco.transnms.server.dao.devcard.DevInfoRecordDAO"/>
  <bean id="DevTransRecordDAO" class="com.boco.transnms.server.dao.devcard.DevTransRecordDAO"/>
  <bean id="DevMaintTransRecordDAO" class="com.boco.transnms.server.dao.devcard.DevMaintTransRecordDAO"/>
  <bean id="DevRepairRecordDAO" class="com.boco.transnms.server.dao.devcard.DevRepairRecordDAO"/>
  <bean id="DevFaultRecordDAO" class="com.boco.transnms.server.dao.devcard.DevFaultRecordDAO"/>
  <bean id="DevModifyRecordDAO" class="com.boco.transnms.server.dao.devcard.DevModifyRecordDAO"/>
  <bean id="DevCardAttachDAO" class="com.boco.transnms.server.dao.devcard.DevCardAttachDAO"/>
  <!--<<机历卡-->
  <!--                    客户组管理                          -->
  <bean id="VpGroupDAO" class="com.boco.transnms.server.dao.customer.vpgroup.VpGroupDAO"/>
  <!--                    VPN管理                          -->
  <bean id="VpnDAO" class="com.boco.transnms.server.dao.vpn.vpn.VpnDAO"/>
  <!--                    VPN接入点管理                          -->
  <bean id="AccessPointDAO" class="com.boco.transnms.server.dao.vpn.vpn.AccessPointDAO"/>
  <!--                    SLA管理                          -->
  <bean id="CustSlaDAO" class="com.boco.transnms.server.dao.vpn.vpn.CustSlaDAO"/>
  <!--割接管理-->
  <bean id="CessionInfoDAO" class="com.boco.transnms.server.dao.cession.CessionInfoDAO"/>
  <bean id="CessionAttachDAO" class="com.boco.transnms.server.dao.cession.CessionAttachDAO"/>
  <bean id="CessionReasonDAO" class="com.boco.transnms.server.dao.cession.CessionReasonDAO"/>
  <bean id="CessionToTraphDAO" class="com.boco.transnms.server.dao.cession.CessionToTraphDAO"/>
  <bean id="DeviceCardDAO" class="com.boco.transnms.server.dao.cm.DeviceCardDAO"/>
  <bean id="DevicePortDAO" class="com.boco.transnms.server.dao.cm.DevicePortDAO"/>
  <!--IP地址管理-->
  <!--动力设备-->
  <bean id="PowerDeviceDAO" class="com.boco.transnms.server.dao.equip.PowerDeviceDAO"/>
  <!-- 动态对象管理 -->
  <!-- 属性组-->
  <!-- 通用统计 -->
  <!-- 倒代管理 -->
  <bean id="ExchangeDAO" class="com.boco.transnms.server.dao.customer.exchange.ExchangeDAO"/>
  <bean id="ExchangeAttachDAO" class="com.boco.transnms.server.dao.customer.exchange.ExchangeAttachDAO"/>
  <!-- 服务质量报告管理 -->
  <bean id="ServiceReportDAO" class="com.boco.transnms.server.dao.vpn.vpn.ServiceReportDAO"/>
  <!-- 服务质量协议管理 -->
  <bean id="ServiceProtocolDAO" class="com.boco.transnms.server.dao.vpn.vpn.ServiceProtocolDAO"/>
  <!-- 租线电路管理 -->
  <bean id="VpnToTraphDAO" class="com.boco.transnms.server.dao.vpn.vpn.VpnToTraphDAO"/>
  <!-- 标签模版管理 -->
  <bean id="LabelModelDAO" class="com.boco.transnms.server.dao.label.LabelModelDAO"/>
  <bean id="LabelAttachDAO" class="com.boco.transnms.server.dao.label.LabelAttachDAO"/>
  <bean id="LabelColorDAO" class="com.boco.transnms.server.dao.label.LabelColorDAO"/>
  <!-- 重保任务 -->
  <bean id="ImportProtectDAO" class="com.boco.transnms.server.dao.improtect.ImportProtectDAO"/>
  <!-- 动态树 -->
  <!-- 动态对象模版 -->
  <!--接口平台-->
  <!--                    查询统计管理>>                       -->
  <!--配线架端子查询-->
  <bean id="XdfPortQueryDAO" class="com.boco.transnms.server.dao.stat.XdfPortQueryDAO"/>
  <!--                   <<查询统计管理                         -->
  <!--值班配置管理-->
  <bean id="DutyConfigDAO" class="com.boco.transnms.server.dao.duty.DutyConfigDAO"/>
  <bean id="DutyRecordDAO" class="com.boco.transnms.server.dao.duty.DutyRecordDAO"/>
  <bean id="DutyAppDAO" class="com.boco.transnms.server.dao.duty.DutyAppDAO"/>
  <bean id="DutyFaultDAO" class="com.boco.transnms.server.dao.duty.DutyFaultDAO"/>
  <bean id="DutyfaultToTraphDAO" class="com.boco.transnms.server.dao.duty.DutyfaultToTraphDAO"/>
  <!--排班管理-->
  <bean id="AssignManagerDAO" class="com.boco.transnms.server.dao.duty.AssignManagerDAO"/>
  <!--值班记录查询-->
  <bean id="AssignNoteDAO" class="com.boco.transnms.server.dao.duty.AssignNoteDAO"/>
  <!--值班功能设置-->
  <bean id="AssignFunctionDAO" class="com.boco.transnms.server.dao.duty.AssignFunctionDAO"/>
  <!--用户默认站点设置-->
  <bean id="DefaultSiteSettingDAO" class="com.boco.transnms.server.dao.traph.DefaultSiteSettingDAO"/>
  <!--用户默认站点设置-->
  <bean id="AssNmsSystemDAO" class="com.boco.transnms.server.dao.equip.AssNmsSystemDAO"/>
  <!--资源调配管理-->
  <!--业务设备查询-->
  <bean id="SwitchQueryDAO" class="com.boco.transnms.server.dao.stat.SwitchQueryDAO"/>
  <bean id="FaultWarningDAO" class="com.boco.transnms.server.dao.fault.FaultWarningDAO"/>
  <!--网络调整管理-->
  <bean id="NetAdjustDAO" class="com.boco.transnms.server.dao.networkadjust.NetAdjustDAO"/>
  <bean id="NetworkAdjustDAO" class="com.boco.transnms.server.dao.networkadjust.NetworkAdjustDAO"/>
  <!-- 定时任务-->
  <bean id="SchedulerDAO" class="com.boco.transnms.server.dao.scheduler.SchedulerDAO"/>
  <!--日志操作-->
  <bean id="ObjectOperateLogDAO" class="com.boco.transnms.server.dao.cm.ObjectOperateLogDAO"/>
  <!--光缆段分析-->
  <bean id="OpticalBusinessDAO" class="com.boco.transnms.server.dao.fiber.OpticalBusinessDAO"/>
  <!--割接经验库管理-->
  <bean id="CessionExperDAO" class="com.boco.transnms.server.dao.customer.experience.CessionExperDAO"/>
  <!--数据维护经验管理-->
  <bean id="DataExpDAO" class="com.boco.transnms.server.dao.customer.experience.DataExpDAO"/>
  <!--省部接口-->
  <bean id="NpnCurrentAlarmDAO" class="com.boco.transnms.server.dao.alarm.NpnCurrentAlarmDAO"/>
  <bean id="NpnHistoryAlarmDAO" class="com.boco.transnms.server.dao.alarm.NpnHistoryAlarmDAO"/>
  <bean id="NpnProvinceInterfaceDAO" class="com.boco.transnms.server.dao.cm.NpnProvinceInterfaceDAO"/>
  <!--网元工程状态流程-->
  <bean id="NeProjectStateWFDAO" class="com.boco.transnms.server.dao.workflow.NeProjectStateWFDAO"/>
  <bean id="OtherAlarmRuleDAO" class="com.boco.transnms.server.dao.alarm.OtherAlarmRuleDAO"/>
  <!--RTU管理 -->
  <bean id="RtuDAO" class="com.boco.transnms.server.dao.equip.RtuDAO"/>
  <!-- 网络连接告警 -->
  <bean id="NetConnectAlarmDAO" class="com.boco.transnms.server.dao.alarm.NetConnectAlarmDAO"/>
  <!-- 电路中断故障 -->
  <bean id="TraphBreakAnalyseDAO" class="com.boco.transnms.server.dao.fault.TraphBreakAnalyseDAO"/>
   <!-- 故障告警分析 -->
  <bean id="FaultAlarmAnalyseDAO" class="com.boco.transnms.server.dao.fault.FaultAlarmAnalyseDAO"/>
  <!-- PTN隧道伪线业务-->
  <bean id="PtnDAO" class="com.boco.transnms.server.dao.path.PtnDAO"/>
</beans>
