<?xml version="1.0" encoding="UTF-8"?>
<!DOCTYPE beans PUBLIC "-//SPRING//DTD BEAN//EN" "http://www.springframework.org/dtd/spring-beans.dtd">

<beans>
	<bean id="cmCache" class="com.boco.transnms.server.dao.base.CacheManager">
		<property name="cacheClassNames">
			<map>
				<entry key="DISTRICT"><value></value></entry>
				<entry key="SITE"><value></value></entry>
				<entry key="ROOM"><value></value></entry>
				<entry key="FLOOR"><value></value></entry>
				<entry key="SYS_USER"><value></value></entry>
				<entry key="NMS_SYSTEM"><value></value></entry>
				<entry key="SDH_SYSTEM"><value></value></entry>
				<entry key="WDM_SYSTEM"><value></value></entry>
				<entry key="TOPO_LINK"><value></value></entry>
				<entry key="TRANS_SUB_NETWORK"><value></value></entry>
				<entry key="SN_NE"><value></value></entry>
				<entry key="DEVICE_VENDOR"><value></value></entry>
				<entry key="CARD_KIND"><value></value></entry>
				<entry key="NE_MODEL_CFG_TYPE"><value></value></entry>
				<entry key="RTU"><value></value></entry>
            </map>
		</property>
		<property name="notifyClassNames">
			<list>
				<value>TRAPH</value>
				<value>TRAPH_ATTACH_INFO</value>
				<value>TRANS_ELEMENT</value>
				<value>AN_POS</value>
				<value>AN_ONU</value>
				<value>CARD</value>
				<value>PTP</value>
				<value>VP</value>
			</list>
		</property>
	</bean>

	<bean id="cmrtuCache" class="com.boco.transnms.server.dao.base.CacheManager">
		<property name="cacheClassNames">
			<map>
				<entry key="DISTRICT"><value></value></entry>
				<entry key="DEVICE_VENDOR"><value></value></entry>
				<entry key="RTU"><value></value></entry>
				<entry key="NMS_SYSTEM"><value></value></entry>
				<entry key="NE_MODEL_CFG_TYPE"><value></value></entry>
				<entry key="CARD_KIND"><value></value></entry>
			</map>
		</property>
		<property name="notifyClassNames">
			<list>
				<value>TRAPH</value>
				<value>TRAPH_ATTACH_INFO</value>
				<value>CARD</value>
				<value>PTP</value>
			</list>
		</property>
	</bean>
	<bean id="attempCache" class="com.boco.transnms.server.dao.base.CacheManager">
		<property name="cacheClassNames">
			<map>
				<entry key="DISTRICT"><value></value></entry>
				<entry key="SITE"><value></value></entry>
				<entry key="ROOM"><value></value></entry>
				<entry key="FLOOR"><value></value></entry>
				<entry key="SYS_USER"><value></value></entry>
				<entry key="NMS_SYSTEM"><value></value></entry>
			</map>
		</property>
		<property name="notifyClassNames">
			<list>
				<value>TRAPH</value>
				<value>TRAPH_ATTACH_INFO</value>
			</list>
		</property>
	</bean>
	<bean id="amCache" class="com.boco.transnms.server.dao.base.CacheManager">
		<property name="syncLoad">
			<value>true</value>
		</property>
		<property name="cacheLoaders">
			<map>
				<entry key="CURRENT_ALARM">
					<value>com.boco.transnms.common.cache.TnmsCacheLoader</value>
				</entry>
			</map>
		</property>
		<property name="cacheClassNames">
			<map>
				<entry key="DISTRICT"><value></value></entry>
				<entry key="SITE"><value></value></entry>
				<entry key="ROOM"><value></value></entry>
				<entry key="SYS_USER"><value></value></entry>
				<entry key="NMS_SYSTEM"><value></value></entry>
				<entry key="CURRENT_ALARM"><value></value></entry>
				<!--entry key="CURRENT_ALARM"><value>BIGMEM</value></entry-->
				<entry key="DEVICE_VENDOR"><value></value></entry>
				<entry key="VENDOR_ALARM"><value></value></entry>
				<entry key="CARD_KIND"><value></value></entry>
			</map>
		</property>
		<property name="cacheSyncFilters">
			<map>
				<entry key="CURRENT_ALARM"><value>com.boco.transnms.common.filter.AmCacheFilter</value></entry>
			</map>
		</property>
	</bean>
	
	<bean id="amAnCache" class="com.boco.transnms.server.dao.base.CacheManager">
		<property name="syncLoad">
			<value>true</value>
		</property>
		<property name="cacheLoaders">
			<map>
				<entry key="CURRENT_ALARM">
					<value>com.boco.transnms.common.cache.TnmsCacheLoader</value>
				</entry>
			</map>
		</property>
		<property name="cacheClassNames">
			<map>
				<entry key="CURRENT_ALARM"><value></value></entry>
				<!--entry key="CURRENT_ALARM"><value>BIGMEM</value></entry-->
			</map>
		</property>
		<property name="cacheSyncFilters">
			<map>
				<entry key="CURRENT_ALARM"><value>com.boco.transnms.common.filter.AmCacheFilter</value></entry>
			</map>
		</property>
	</bean>
	
	<bean id="amrtuCache" class="com.boco.transnms.server.dao.base.CacheManager">
		<property name="syncLoad">
			<value>true</value>
		</property>
		<property name="cacheLoaders">
			<map>
				<entry key="CURRENT_ALARM">
					<value>com.boco.transnms.common.cache.TnmsCacheLoader</value>
				</entry>
			</map>
		</property>
		<property name="cacheClassNames">
			<map>
				<entry key="DISTRICT"><value>LOCAL</value></entry>
				<entry key="SITE"><value>LOCAL</value></entry>
				<entry key="ROOM"><value>LOCAL</value></entry>
				<entry key="SYS_USER"><value>LOCAL</value></entry>
				<entry key="NMS_SYSTEM"><value>LOCAL</value></entry>
				<entry key="CURRENT_ALARM"><value>LOCAL</value></entry>
				<entry key="DEVICE_VENDOR"><value>LOCAL</value></entry>
				<entry key="VENDOR_ALARM"><value>LOCAL</value></entry>
				<entry key="CARD_KIND"><value>LOCAL</value></entry>
				<entry key="ALARM_STANDARD"><value>LOCAL</value></entry>
				<entry key="NE_MODEL_CFG_TYPE"><value>LOCAL</value></entry>
				<entry key="ALARM_AUTO_MARK"><value>LOCAL</value></entry>
			</map>
		</property>
		<property name="cacheSyncFilters">
			<map>
				<entry key="CURRENT_ALARM"><value>com.boco.transnms.common.filter.AmrtuCacheFilter</value></entry>
			</map>
		</property>
	</bean>
	<bean id="dmCache" class="com.boco.transnms.server.dao.base.CacheManager">
		<property name="cacheClassNames">
			<map>
				<entry key="DISTRICT"><value></value></entry>
				<entry key="SITE"><value></value></entry>
				<entry key="ROOM"><value></value></entry>
				<entry key="FLOOR"><value></value></entry>
				<entry key="SYS_USER"><value></value></entry>
				<entry key="WIRE_SYSTEM"><value></value></entry>
				<entry key="DUCT_SYSTEM"><value></value></entry>
				<entry key="POLEWAY_SYSTEM"><value></value></entry>
				<entry key="STONEWAY_SYSTEM"><value></value></entry>
				<entry key="UP_LINE"><value></value></entry>
				<entry key="HANG_WALL"><value></value></entry>
				<entry key="SYSTEM_MAP"><value></value></entry>
				<entry key="THEME_MAP"><value></value></entry>
				<entry key="THEME_MAP_TO_OBJECT"><value></value></entry>
				<entry key="SITE_LINK"><value></value></entry>
			</map>
		</property>
	</bean>
	<bean id="opticalCheckCache" class="com.boco.transnms.server.dao.base.CacheManager">
		<property name="cacheClassNames">
			<map>
			</map>
		</property>
		<property name="notifyClassNames">
			<list>
				<value>TRAPH</value>
				<value>TRAPH_ATTACH_INFO</value>
			</list>
		</property>
	</bean>
	<bean id="rootAlarmCache" class="com.boco.transnms.server.dao.base.CacheManager">
		<property name="cacheClassNames">
			<map>
			</map>
		</property>
	</bean>
	<bean id="pmCache" class="com.boco.transnms.server.dao.base.CacheManager">
		<property name="cacheClassNames">
			<map>
				<entry key="DISTRICT"><value></value></entry>
				<entry key="SITE"><value></value></entry>
				<entry key="ROOM"><value></value></entry>
				<entry key="FLOOR"><value></value></entry>
				<entry key="SYS_USER"><value></value></entry>
				<entry key="DEVICE_VENDOR"><value></value></entry>
				<entry key="NMS_SYSTEM"><value></value></entry>
				<!--<entry key="TRANS_ELEMENT"><value></value></entry>-->
			</map>
		</property>
	</bean>
	
	<bean id="importCache" class="com.boco.transnms.server.dao.base.CacheManager">
		<property name="cacheClassNames">
			<map>
			</map>
		</property>
		<property name="notifyClassNames">
			<list>
				<value>TRAPH</value>
				<value>TRAPH_ATTACH_INFO</value>
			</list>
		</property>
	</bean>
	<bean id="amdtsCache" class="com.boco.transnms.server.dao.base.CacheManager">
		<property name="cacheClassNames">
			<map>
				<entry key="CARD_KIND"><value></value></entry>
			</map>
		</property>
		<property name="notifyClassNames">
			<list>
				<value>NMS_SYSTEM</value>
			</list>
		</property>
	</bean>
	<bean id="cmdtsCache" class="com.boco.transnms.server.dao.base.CacheManager">
		<property name="notifyClassNames">
			<list>
				<value>DISTRICT</value>
				<value>DEVICE_VENDOR</value>
				<value>FLOOR</value>
				<value>NMS_SYSTEM</value>
				<value>SITE</value>
				<value>ROOM</value>
				<value>SYS_USER</value>
				<value>CARD_KIND</value>
				<value>NE_MODEL_CFG_TYPE</value>
				<value>TOPO_LINK</value>
				
				<value>TRAPH</value>
				<value>TRAPH_ATTACH_INFO</value>
				<!-- <value>PROJECT_NE_TASK</value>
				<value>PROJECT_NE_TASK_NE</value>
				<value>PROJECT_NE_TASK_RELALARM</value> -->
				<value>FUNCTION_TREE_NODE</value>
				<value>USER_HAVE_OBJECT</value>
				<value>USER_HAVE_ROLE</value>
				<value>ROLE_CONSIST_OF_FUN_POINT</value>
				<value>USER_ROLE</value>
				<value>USER_MANAGE_DISTRICT</value>
				<value>RTU</value>
				<value>CARD</value>
				<value>NE_TO_EMS</value>
				<value>VP</value>
			</list>
		</property>
	</bean>
	
	<bean id="schCache" class="com.boco.transnms.server.dao.base.CacheManager">
		<property name="cacheClassNames">
			<map>
			</map>
		</property>
	</bean>
	<bean id="uipCache" class="com.boco.transnms.server.dao.base.CacheManager">
		<property name="cacheClassNames">
			<map>
			</map>
		</property>
	</bean>
	<bean id="resuipCache" class="com.boco.transnms.server.dao.base.CacheManager">
		<property name="cacheClassNames">
			<map>
			</map>
		</property>
	</bean>
	<bean id="pathCheckCache" class="com.boco.transnms.server.dao.base.CacheManager">
		<property name="cacheClassNames">
			<map>
				<entry key="NMS_SYSTEM"><value></value></entry>
			</map>
		</property>
		<property name="notifyClassNames">
			<list>
				<value>TRAPH</value>
				<value>TRAPH_ATTACH_INFO</value>
			</list>
		</property>
	</bean>
		<bean id="faultCache" class="com.boco.transnms.server.dao.base.CacheManager">
		<property name="cacheClassNames">
			<map>
			</map>
		</property>
	</bean>
	<bean id="ntpalarmCache" class="com.boco.transnms.server.dao.base.CacheManager">
		<property name="cacheClassNames">
			<map>
			</map>
		</property>
	</bean>
	
	<bean id="kvManager" class="com.boco.transnms.server.dao.base.KVManager">
		<property name="tableName"><value>DISTRICT</value></property>
		<property name="name"><value>DISTRICT</value></property>
		<property name="keyField"><value>CUID</value></property>
		<property name="valueField"><value>LABEL_CN</value></property>
		<property name="syncInterval"><value>3600000</value></property>
	</bean>

	<bean id="TnmsCacheManagerFactory"
		class="com.boco.transnms.server.dao.base.TnmsCacheManagerFactory"
		factory-method="getInstance">
		<property name="cacheType">
			<value>LOCAL</value>
		</property>
		<property name="syncTopicName">
			<value>T_CM_SVR_CACHE_SYNC</value>
		</property>
		<property name="clientSyncCache">
			<list>
				<value>DISTRICT</value>
				<value>SITE</value>
				<value>ROOM</value>
				<value>SYS_USER</value>
				<!--<value>TRANS_ELEMENT</value>-->
			</list>
		</property>
		<property name="cacheManagers">
			<map>

				<entry key="AM" value-ref="amCache" />
				<entry key="AM_AN" value-ref="amAnCache" />
				<entry key="AMRTU" value-ref="amrtuCache" />
				<entry key="ROOTALARM" value-ref="rootAlarmCache" />
				<entry key="CM" value-ref="cmCache" />
				<entry key="CMRTU" value-ref="cmrtuCache" />
				<entry key="ATTEMP" value-ref="attempCache" />
				<entry key="DM" value-ref="dmCache" />
				<entry key="PM" value-ref="pmCache" />
				<entry key="OPTICALCHECK" value-ref="opticalCheckCache" />
				<entry key="AMDTS" value-ref="amdtsCache" />
				<entry key="CMDTS" value-ref="cmdtsCache" />
				<entry key="SCHEDULEDTS" value-ref="schCache" />
				<entry key="UIP" value-ref="uipCache" />
				<entry key="IMPORT" value-ref="importCache" />
				<entry key="PATHCHECK" value-ref="pathCheckCache" />
				<entry key="FAULT" value-ref="faultCache" />
				<entry key="NTPALARM" value-ref="ntpalarmCache" />
				<entry key="RESUIP" value-ref="resuipCache" />
			</map>
		</property>
		<property name="kvManagers">
			<map>
				<!--<entry key="DISTRICT" value-ref="kvManager" />-->
			</map>
		</property>
	</bean>

	<bean id="devRuleCache" class="com.boco.transnms.common.cache.GenericDaoCache">
		<constructor-arg>
			<value>DevSyncCommonBO</value>
		</constructor-arg>
		<constructor-arg>
			<value>ruleMap</value>
		</constructor-arg>
	</bean>
	<bean id="runTimeCache" class="com.boco.transnms.common.cache.GenericDaoCache">
		<constructor-arg>
			<value>RT_BO</value>
		</constructor-arg>
		<constructor-arg>
			<value>RT_VAR</value>
		</constructor-arg>
	</bean>
	<bean id="monitorTraphCache" class="com.boco.transnms.common.cache.GenericDaoCache">
		<constructor-arg>
			<value>AlarmServiceBO</value>
		</constructor-arg>
		<constructor-arg>
			<value>monitorTraphMap</value>
		</constructor-arg>
	</bean>
	<bean id="emsFdnCache" class="com.boco.transnms.common.cache.GenericDaoCache">
		<constructor-arg>
			<value>DevSyncCommonBO</value>
		</constructor-arg>
		<constructor-arg>
			<value>emsFdnMap</value>
		</constructor-arg>
	</bean>

	<bean id="masterNeFdnCache" class="com.boco.transnms.common.cache.GenericDaoCache">
		<constructor-arg>
			<value>DevSyncCommonBO</value>
		</constructor-arg>
		<constructor-arg>
			<value>neFdnMap</value>
		</constructor-arg>
	</bean>
	<bean id="userDistrictRoles" class="com.boco.transnms.common.cache.GenericDaoCache">
		<constructor-arg>
			<value>SecurityBO</value>
		</constructor-arg>
		<constructor-arg>
			<value>userDistrictRoles</value>
		</constructor-arg>
	</bean>
	<bean id="roleFunctions" class="com.boco.transnms.common.cache.GenericDaoCache">
		<constructor-arg>
			<value>SecurityBO</value>
		</constructor-arg>
		<constructor-arg>
			<value>roleFunctions</value>
		</constructor-arg>
	</bean>
	<bean id="userCounts" class="com.boco.transnms.common.cache.GenericDaoCache">
		<constructor-arg>
			<value>SecurityBO</value>
		</constructor-arg>
		<constructor-arg>
			<value>userCounts</value>
		</constructor-arg>
	</bean>
	<bean id="userOnLine" class="com.boco.transnms.common.cache.GenericDaoCache">
		<constructor-arg>
			<value>SecurityBO</value>
		</constructor-arg>
		<constructor-arg>
			<value>userOnLine</value>
		</constructor-arg>
	</bean>
	<bean id="CustomCacheManager"
		class="com.boco.transnms.common.cache.CustomCacheManagerFactory"
		factory-method="getInstance">
		<property name="syncTopicName">
			<value>T_CM_CUSTOM_CACHE_SYNC</value>
		</property>
		<property name="cacheManagers">
			<map>
				<entry key="DevSyncCommonBO-ruleMap" value-ref="devRuleCache" />
				<entry key="RT_BO-RT_VAR" value-ref="runTimeCache" />
				<entry key="AlarmServiceBO-monitorTraphMap" value-ref="monitorTraphCache" />
				<entry key="DevSyncCommonBO-emsFdnMap" value-ref="emsFdnCache" />
				<entry key="DevSyncCommonBO-neFdnMap" value-ref="masterNeFdnCache" />
				<entry key="SecurityBO-userDistrictRoles" value-ref="userDistrictRoles" />
				<entry key="SecurityBO-roleFunctions" value-ref="roleFunctions" />
				<entry key="SecurityBO-userCounts" value-ref="userCounts" />
				<entry key="SecurityBO-userOnLine" value-ref="userOnLine" />
			</map>
		</property>
	</bean>

	<bean id="BoCacheCmdProxy" class="com.boco.transnms.client.model.base.BoCacheCmdProxy"
		factory-method="getInstance">
		<property name="syncTopicName">
			<value>T_CM_BO_CACHE_SYNC</value>
		</property>
		<property name="cacheActionNames">
			<map>
				<entry key="SecurityBO.getUserDistricts">
					<value>DISTRICT.MODIFY,DISTRICT.DELETE,USER_HAVE_ROLE.ADD,USER_HAVE_ROLE.MODIFY,USER_HAVE_ROLE.DELETE,SYS_USER.DELETE</value>
				</entry>
				<entry key="SecurityBO.getSysUserByCuid">
					<value>SYS_USER.MODIFY,SYS_USER.DELETE</value>
				</entry>
				<entry key="SecurityBO.getOrganizationByCuid">
					<value>ORGANIZATION.MODIFY,ORGANIZATION.DELETE</value>
				</entry>
				<entry key="SecurityBO.getAllOrganization">
					<value>ORGANIZATION.MODIFY,ORGANIZATION.DELETE,ORGANIZATION.ADD</value>
				</entry>
				<entry key="SecurityBO.isDistrictsPermitted">
					<value>DISTRICT.MODIFY,DISTRICT.DELETE,USER_HAVE_ROLE.ADD,USER_HAVE_ROLE.MODIFY,USER_HAVE_ROLE.DELETE,SYS_USER.DELETE,FUNCTION_TREE_NODE.DELETE,FUNCTION_TREE_NODE.MODIFY</value>
				</entry>
				<entry key="SecurityBO.getSysUserBySql">
					<value>SYS_USER.MODIFY,SYS_USER.DELETE,SYS_USER.ADD</value>
				</entry>
				<entry key="SecurityBO.getAllSysUser">
					<value>SYS_USER.MODIFY,SYS_USER.DELETE,SYS_USER.ADD</value>
				</entry>
				<entry key="SecurityBO.getUserByUserName">
					<value>SYS_USER.MODIFY,SYS_USER.DELETE</value>
				</entry>
				<entry key="SecurityObjectBO.getQueryFilterSqlToEMS">
					<value>DISTRICT.MODIFY,DISTRICT.DELETE,DISTRICT.ADD,USER_HAVE_ROLE.ADD,USER_HAVE_ROLE.MODIFY,USER_HAVE_ROLE.DELETE,SYS_USER.DELETE</value>
				</entry>
				<entry key="SecurityObjectBO.getQueryFilterSqlToSubNet">
					<value>DISTRICT.MODIFY,DISTRICT.DELETE,DISTRICT.ADD,USER_HAVE_ROLE.ADD,USER_HAVE_ROLE.MODIFY,USER_HAVE_ROLE.DELETE,SYS_USER.DELETE,USER_HAVE_OBJECT.ADD,USER_HAVE_OBJECT.MODIFY,USER_HAVE_OBJECT.DELETE</value>
				</entry>
				<entry key="SecurityBO.isActionValid">
					<value>DISTRICT.DELETE,DISTRICT.ADD,USER_HAVE_ROLE.ADD,USER_HAVE_ROLE.MODIFY,USER_HAVE_ROLE.DELETE,USER_ROLE.MODIFY,SYS_USER.MODIFY,SYS_USER.DELETE,FUNCTION_TREE_NODE.DELETE,FUNCTION_TREE_NODE.MODIFY</value>
				</entry>
			</map>
		</property>
	</bean>
</beans>