﻿<?xml version="1.0" encoding="UTF-8"?>
<!DOCTYPE beans PUBLIC "-//SPRING//DTD BEAN//EN" "http://www.springframework.org/dtd/spring-beans.dtd">

<beans>
	<bean id="SecurityInterceptor"
		class="com.boco.transnms.server.bo.user.sec.SecurityInterceptor" />
	<bean id="BoInterceptor" class="com.boco.transnms.client.model.base.BoInterceptor" />
	<bean id="BoCmdFactory" class="com.boco.transnms.client.model.base.BoCmdFactory"
		factory-method="getInstance">
		<property name="preInterceptors">
			<list>
				<ref bean="SecurityInterceptor" />
				<ref bean="BoInterceptor" />
			</list>
		</property>
	</bean>
</beans>
