<?xml version="1.0" encoding="GB2312"?>

<!DOCTYPE application PUBLIC 
 '-//Sun Microsystems, Inc.//DTD J2EE Application 1.3//EN'
 'http://java.sun.com/dtd/application_1_3.dtd'
>

<application>
    <display-name>TransNMS5.0</display-name>
    <description></description>

    <!--ejb-->
<!--    
    <module>
        <ejb>ejb/components-ejb.jar</ejb>
    </module>
-->
    <module>
        <web>
            <web-uri>war/transnms.war</web-uri>
            <context-root>transnms</context-root>
        </web>
    </module>    
</application>

