<?xml version="1.0" encoding="UTF-8"?>
<server>
<!--
    <mbean code="org.jboss.mq.server.jmx.Topic"
           name="jboss.mq.destination:service=Topic,name=AlarmTopic">
        <depends optional-attribute-name="DestinationManager">
            jboss.mq:service=DestinationManager</depends>
        <depends optional-attribute-name="SecurityManager">
            jboss.mq:service=SecurityManager</depends>
    </mbean>
    <mbean code="org.jboss.mq.server.jmx.Topic"
           name="jboss.mq.destination:service=Topic,name=EventTopic">
        <depends optional-attribute-name="DestinationManager">
            jboss.mq:service=DestinationManager</depends>
        <depends optional-attribute-name="SecurityManager">
            jboss.mq:service=SecurityManager</depends>
    </mbean>
    <mbean code="org.jboss.mq.server.jmx.Topic"
           name="jboss.mq.destination:service=Topic,name=ObjectUpdateTopic">
        <depends optional-attribute-name="DestinationManager">
            jboss.mq:service=DestinationManager</depends>
        <depends optional-attribute-name="SecurityManager">
            jboss.mq:service=SecurityManager</depends>
    </mbean>

    <mbean code="org.jboss.mq.server.jmx.Topic"
           name="jboss.mq.destination:service=Topic,name=SystemTopic">
        <depends optional-attribute-name="DestinationManager">
            jboss.mq:service=DestinationManager</depends>
        <depends optional-attribute-name="SecurityManager">
            jboss.mq:service=SecurityManager</depends>
    </mbean>

    <mbean code="org.jboss.mq.server.jmx.Topic"
           name="jboss.mq.destination:service=Topic,name=ObjectEventTopic">
        <depends optional-attribute-name="DestinationManager">
            jboss.mq:service=DestinationManager</depends>
        <depends optional-attribute-name="SecurityManager">
            jboss.mq:service=SecurityManager</depends>
    </mbean>

    <mbean code="org.jboss.mq.server.jmx.Topic"
           name="jboss.mq.destination:service=Topic,name=FaultTopic">
        <depends optional-attribute-name="DestinationManager">
            jboss.mq:service=DestinationManager</depends>
        <depends optional-attribute-name="SecurityManager">
            jboss.mq:service=SecurityManager</depends>
    </mbean>

    <mbean code="org.jboss.mq.server.jmx.Topic"
           name="jboss.mq.destination:service=Topic,name=NpnAlarmTopic">
        <depends optional-attribute-name="DestinationManager">
            jboss.mq:service=DestinationManager</depends>
        <depends optional-attribute-name="SecurityManager">
            jboss.mq:service=SecurityManager</depends>
    </mbean>
-->
    <mbean code="javax.management.timer.Timer" name="DefaultDomain:service=timer"/>
</server>
