<?xml version="1.0" encoding="ISO8859_1"?>

<!DOCTYPE weblogic-application PUBLIC 
 "-//BEA Systems, Inc.//DTD WebLogic Application 8.1.0//EN"
 "http://www.bea.com/servers/wls810/dtd/weblogic-application_2_0.dtd">

<weblogic-application>

<!--
    <listener>
      <listener-class>com.boco.jframework.util.ListenerClass</listener-class>  
      <listener-uri>/lib/jframework.jar</listener-uri>  
    </listener>
-->
<!--
    <startup>
       <startup-class>com.boco.jframework.util.StartupClass</startup-class>
       <startup-uri>/lib/jframework.jar</startup-uri>
     </startup>
-->    

    <shutdown>
      <shutdown-class>com.boco.netpilot.server.webapp.AppShutdown</shutdown-class>
      <shutdown-uri>/lib/jnmsserver.jar</shutdown-uri>  
    </shutdown>
</weblogic-application>